index_order,family_key,title,latest_estimate,estimate_year,index_variant_count,index_ten_year_savings_bil,source_index_url,cbo_page_id,source_url,source_start_year,source_end_year,candidate_count_in_pack,annual_data_status
1,CBO_2024_reduce_social_security_benefits_for_high_earners,Reduce Social Security Benefits for High Earners,Dec 2024,2024,3,48;117;197,https://www.cbo.gov/budget-options,60911,https://www.cbo.gov/budget-options/60911,2025,2034,3,FULL_OFFICIAL_ANNUAL
2,CBO_2024_change_the_taxation_of_assets_transferred_at_death,Change the Taxation of Assets Transferred at Death,Dec 2024,2024,2,197;536,https://www.cbo.gov/budget-options,60943,https://www.cbo.gov/budget-options/60943,2025,2034,2,FULL_OFFICIAL_ANNUAL
3,CBO_2024_establish_a_uniform_social_security_benefit,Establish a Uniform Social Security Benefit,Dec 2024,2024,2,283;607,https://www.cbo.gov/budget-options,60912,https://www.cbo.gov/budget-options/60912,2025,2034,2,FULL_OFFICIAL_ANNUAL
4,CBO_2024_eliminate_the_tax_exemption_for_new_qualified_private_activity_bonds,Eliminate the Tax Exemption for New Qualified Private Activity Bonds,Dec 2024,2024,1,43,https://www.cbo.gov/budget-options,60944,https://www.cbo.gov/budget-options/60944,2025,2034,1,FULL_OFFICIAL_ANNUAL
5,CBO_2024_raise_the_full_retirement_age_for_social_security,Raise the Full Retirement Age for Social Security,Dec 2024,2024,1,95,https://www.cbo.gov/budget-options,60913,https://www.cbo.gov/budget-options/60913,2025,2034,1,FULL_OFFICIAL_ANNUAL
6,CBO_2024_expand_the_base_of_the_net_investment_income_tax_to_include_the_income_of_active_participants_in_s_corporations_and_limi,Expand the Base of the Net Investment Income Tax to Include the Income of Active Participants in S Corporations and Limited Partnerships,Dec 2024,2024,1,420,https://www.cbo.gov/budget-options,60945,https://www.cbo.gov/budget-options/60945,2025,2034,1,FULL_OFFICIAL_ANNUAL
7,CBO_2024_require_social_security_disability_insurance_applicants_to_have_worked_more_in_recent_years,Require Social Security Disability Insurance Applicants to Have Worked More in Recent Years,Dec 2024,2024,1,60,https://www.cbo.gov/budget-options,60914,https://www.cbo.gov/budget-options/60914,2025,2034,1,FULL_OFFICIAL_ANNUAL
8,CBO_2024_tax_carried_interest_as_ordinary_income,Tax Carried Interest as Ordinary Income,Dec 2024,2024,1,13,https://www.cbo.gov/budget-options,60946,https://www.cbo.gov/budget-options/60946,2025,2034,1,FULL_OFFICIAL_ANNUAL
9,CBO_2024_introduce_means_testing_for_eligibility_for_va_s_disability_compensation,Introduce Means-Testing for Eligibility for VA’s Disability Compensation,Dec 2024,2024,1,384,https://www.cbo.gov/budget-options,60915,https://www.cbo.gov/budget-options/60915,2025,2034,1,FULL_OFFICIAL_ANNUAL
10,CBO_2024_include_va_s_disability_payments_in_taxable_income,Include VA's Disability Payments in Taxable Income,Dec 2024,2024,1,235,https://www.cbo.gov/budget-options,60947,https://www.cbo.gov/budget-options/60947,2025,2034,1,FULL_OFFICIAL_ANNUAL
11,CBO_2024_end_va_s_individual_unemployability_payments_to_disabled_veterans_at_the_full_retirement_age_for_social_security,End VA’s Individual Unemployability Payments to Disabled Veterans at the Full Retirement Age for Social Security,Dec 2024,2024,2,14;61,https://www.cbo.gov/budget-options,60916,https://www.cbo.gov/budget-options/60916,2025,2034,2,FULL_OFFICIAL_ANNUAL
12,CBO_2024_further_limit_annual_contributions_to_retirement_plans,Further Limit Annual Contributions to Retirement Plans,Dec 2024,2024,1,187,https://www.cbo.gov/budget-options,60948,https://www.cbo.gov/budget-options/60948,2025,2034,1,FULL_OFFICIAL_ANNUAL
13,CBO_2024_reduce_va_s_disability_benefits_for_veterans_who_are_older_than_the_full_retirement_age_for_social_security,Reduce VA’s Disability Benefits for Veterans Who Are Older Than the Full Retirement Age for Social Security,Dec 2024,2024,1,34,https://www.cbo.gov/budget-options,60917,https://www.cbo.gov/budget-options/60917,2025,2034,1,FULL_OFFICIAL_ANNUAL
14,CBO_2024_eliminate_certain_tax_preferences_for_education_expenses,Eliminate Certain Tax Preferences for Education Expenses,Dec 2024,2024,1,130,https://www.cbo.gov/budget-options,60949,https://www.cbo.gov/budget-options/60949,2025,2034,1,FULL_OFFICIAL_ANNUAL
15,CBO_2024_lower_the_investment_income_limit_for_the_earned_income_tax_credit_and_extend_that_limit_to_the_refundable_portion_of_th,Lower the Investment Income Limit for the Earned Income Tax Credit and Extend That Limit to the Refundable Portion of the Child Tax Credit,Dec 2024,2024,1,11,https://www.cbo.gov/budget-options,60950,https://www.cbo.gov/budget-options/60950,2025,2034,1,FULL_OFFICIAL_ANNUAL
16,CBO_2024_narrow_eligibility_for_va_s_disability_compensation_by_excluding_veterans_with_low_disability_ratings,Narrow Eligibility for VA's Disability Compensation by Excluding Veterans With Low Disability Ratings,Dec 2024,2024,2,11;59,https://www.cbo.gov/budget-options,60918,https://www.cbo.gov/budget-options/60918,2025,2034,2,FULL_OFFICIAL_ANNUAL
17,CBO_2024_use_an_alternative_measure_of_inflation_to_index_social_security_and_other_mandatory_programs,Use an Alternative Measure of Inflation to Index Social Security and Other Mandatory Programs,Dec 2024,2024,1,278,https://www.cbo.gov/budget-options,60919,https://www.cbo.gov/budget-options/60919,2025,2034,1,FULL_OFFICIAL_ANNUAL
18,CBO_2024_require_people_who_claim_the_earned_income_tax_credit_and_child_tax_credit_to_have_a_social_security_number_that_is_vali,Require People Who Claim the Earned Income Tax Credit and Child Tax Credit to Have a Social Security Number That is Valid for Employment,Dec 2024,2024,1,28,https://www.cbo.gov/budget-options,60951,https://www.cbo.gov/budget-options/60951,2025,2034,1,FULL_OFFICIAL_ANNUAL
19,CBO_2024_reduce_the_department_of_defense_s_annual_budget,Reduce the Department of Defense's Annual Budget,Dec 2024,2024,1,959,https://www.cbo.gov/budget-options,60920,https://www.cbo.gov/budget-options/60920,2025,2034,1,FULL_OFFICIAL_ANNUAL
20,CBO_2024_expand_social_security_to_include_newly_hired_state_and_local_government_employees,Expand Social Security to Include Newly Hired State and Local Government Employees,Dec 2024,2024,1,149,https://www.cbo.gov/budget-options,60952,https://www.cbo.gov/budget-options/60952,2025,2034,1,FULL_OFFICIAL_ANNUAL
21,CBO_2024_cap_increases_in_basic_pay_for_military_service_members,Cap Increases in Basic Pay for Military Service Members,Dec 2024,2024,1,22,https://www.cbo.gov/budget-options,60921,https://www.cbo.gov/budget-options/60921,2025,2034,1,FULL_OFFICIAL_ANNUAL
22,CBO_2024_reduce_tax_subsidies_for_employment_based_health_benefits,Reduce Tax Subsidies for Employment-Based Health Benefits,Dec 2024,2024,3,521;697;965,https://www.cbo.gov/budget-options,60953,https://www.cbo.gov/budget-options/60953,2025,2034,3,FULL_OFFICIAL_ANNUAL
23,CBO_2024_replace_some_military_personnel_with_civilian_employees,Replace Some Military Personnel with Civilian Employees,Dec 2024,2024,1,17,https://www.cbo.gov/budget-options,60922,https://www.cbo.gov/budget-options/60922,2025,2034,1,FULL_OFFICIAL_ANNUAL
24,CBO_2024_impose_a_new_payroll_tax,Impose a New Payroll Tax,Dec 2024,2024,2,1282;2540,https://www.cbo.gov/budget-options,60954,https://www.cbo.gov/budget-options/60954,2025,2034,2,FULL_OFFICIAL_ANNUAL
25,CBO_2024_stop_building_ford_class_aircraft_carriers,Stop Building Ford Class Aircraft Carriers,Dec 2024,2024,1,15,https://www.cbo.gov/budget-options,60923,https://www.cbo.gov/budget-options/60923,2025,2034,1,FULL_OFFICIAL_ANNUAL
26,CBO_2024_increase_the_maximum_taxable_earnings_that_are_subject_to_social_security_payroll_taxes,Increase the Maximum Taxable Earnings That Are Subject to Social Security Payroll Taxes,Dec 2024,2024,2,728;1427,https://www.cbo.gov/budget-options,60955,https://www.cbo.gov/budget-options/60955,2025,2034,2,FULL_OFFICIAL_ANNUAL
27,CBO_2024_cancel_the_long_range_standoff_weapon,Cancel the Long-Range Standoff Weapon,Dec 2024,2024,1,15,https://www.cbo.gov/budget-options,60924,https://www.cbo.gov/budget-options/60924,2025,2034,1,FULL_OFFICIAL_ANNUAL
28,CBO_2024_increase_the_corporate_income_tax_rate_by_1_percentage_point,Increase the Corporate Income Tax Rate by 1 Percentage Point,Dec 2024,2024,1,136,https://www.cbo.gov/budget-options,60956,https://www.cbo.gov/budget-options/60956,2025,2034,1,FULL_OFFICIAL_ANNUAL
29,CBO_2024_reduce_subsidies_in_the_crop_insurance_program,Reduce Subsidies in the Crop Insurance Program,Dec 2024,2024,1,47,https://www.cbo.gov/budget-options,60893,https://www.cbo.gov/budget-options/60893,2025,2034,1,FULL_OFFICIAL_ANNUAL
30,CBO_2024_cancel_the_army_s_future_long_range_assault_aircraft,Cancel the Army’s Future Long-Range Assault Aircraft,Dec 2024,2024,1,11,https://www.cbo.gov/budget-options,60925,https://www.cbo.gov/budget-options/60925,2025,2034,1,FULL_OFFICIAL_ANNUAL
31,CBO_2024_repeal_the_last_in_first_out_approach_to_inventory_identification_and_the_lower_of_cost_or_market_and_subnormal_goods_me,"Repeal the ""Last In, First Out"" Approach to Inventory Identification and the ""Lower of Cost or Market"" and ""Subnormal Goods"" Methods of Inventory Valuation",Dec 2024,2024,1,104,https://www.cbo.gov/budget-options,60957,https://www.cbo.gov/budget-options/60957,2025,2034,1,FULL_OFFICIAL_ANNUAL
32,CBO_2024_raise_fannie_mae_s_and_freddie_mac_s_guarantee_fees_and_decrease_their_eligible_loan_limits,Raise Fannie Mae's and Freddie Mac's Guarantee Fees and Decrease Their Eligible Loan Limits,Dec 2024,2024,3,7;10;15,https://www.cbo.gov/budget-options,60894,https://www.cbo.gov/budget-options/60894,2025,2034,3,FULL_OFFICIAL_ANNUAL
33,CBO_2024_reduce_the_size_of_the_bomber_force_by_retiring_the_b_1b,Reduce the Size of the Bomber Force by Retiring the B-1B,Dec 2024,2024,1,6,https://www.cbo.gov/budget-options,60926,https://www.cbo.gov/budget-options/60926,2025,2034,1,FULL_OFFICIAL_ANNUAL
34,CBO_2024_require_half_of_advertising_expenses_to_be_amortized_over_5_or_10_years,Require Half of Advertising Expenses to Be Amortized Over 5 or 10 Years,Dec 2024,2024,2,83;177,https://www.cbo.gov/budget-options,60958,https://www.cbo.gov/budget-options/60958,2025,2034,2,FULL_OFFICIAL_ANNUAL
35,CBO_2024_eliminate_the_add_on_to_pell_grants_which_is_funded_with_mandatory_spending,"Eliminate the Add-On to Pell Grants, Which Is Funded With Mandatory Spending",Dec 2024,2024,1,44,https://www.cbo.gov/budget-options,60895,https://www.cbo.gov/budget-options/60895,2025,2034,1,FULL_OFFICIAL_ANNUAL
36,CBO_2024_reduce_the_size_of_the_fighter_force_by_retiring_the_f_22,Reduce the Size of the Fighter Force by Retiring the F-22,Dec 2024,2024,1,29,https://www.cbo.gov/budget-options,60927,https://www.cbo.gov/budget-options/60927,2025,2034,1,FULL_OFFICIAL_ANNUAL
37,CBO_2024_repeal_the_low_income_housing_tax_credit,Repeal the Low-Income Housing Tax Credit,Dec 2024,2024,1,69,https://www.cbo.gov/budget-options,60959,https://www.cbo.gov/budget-options/60959,2025,2034,1,FULL_OFFICIAL_ANNUAL
38,CBO_2024_establish_caps_on_federal_spending_for_medicaid,Establish Caps on Federal Spending for Medicaid,Dec 2024,2024,4,459;588;742;893,https://www.cbo.gov/budget-options,60896,https://www.cbo.gov/budget-options/60896,2025,2034,4,FULL_OFFICIAL_ANNUAL
39,CBO_2024_reduce_the_basic_allowance_for_housing_to_80_percent_of_average_housing_costs,Reduce the Basic Allowance for Housing to 80 Percent of Average Housing Costs,Dec 2024,2024,1,17,https://www.cbo.gov/budget-options,60928,https://www.cbo.gov/budget-options/60928,2025,2034,1,FULL_OFFICIAL_ANNUAL
40,CBO_2024_tax_all_foreign_income_of_u_s_corporations_at_the_full_statutory_corporate_rate,Tax All Foreign Income of U.S. Corporations at the Full Statutory Corporate Rate,Dec 2024,2024,1,340,https://www.cbo.gov/budget-options,60960,https://www.cbo.gov/budget-options/60960,2025,2034,1,FULL_OFFICIAL_ANNUAL
41,CBO_2024_limit_state_taxes_on_health_care_providers,Limit State Taxes on Health Care Providers,Dec 2024,2024,3,48;241;612,https://www.cbo.gov/budget-options,60897,https://www.cbo.gov/budget-options/60897,2025,2034,3,FULL_OFFICIAL_ANNUAL
42,CBO_2024_reduce_funding_for_international_affairs_programs,Reduce Funding for International Affairs Programs,Dec 2024,2024,1,187,https://www.cbo.gov/budget-options,60929,https://www.cbo.gov/budget-options/60929,2025,2034,1,FULL_OFFICIAL_ANNUAL
43,CBO_2024_impose_a_5_percent_value_added_tax,Impose a 5 Percent Value-Added Tax,Dec 2024,2024,2,2180;3380,https://www.cbo.gov/budget-options,60961,https://www.cbo.gov/budget-options/60961,2025,2034,2,FULL_OFFICIAL_ANNUAL
44,CBO_2024_reduce_federal_medicaid_matching_rates,Reduce Federal Medicaid Matching Rates,Dec 2024,2024,3,69;530;561,https://www.cbo.gov/budget-options,60898,https://www.cbo.gov/budget-options/60898,2025,2034,3,FULL_OFFICIAL_ANNUAL
45,CBO_2024_eliminate_federal_funding_for_national_community_service,Eliminate Federal Funding for National Community Service,Dec 2024,2024,1,10,https://www.cbo.gov/budget-options,60930,https://www.cbo.gov/budget-options/60930,2025,2034,1,FULL_OFFICIAL_ANNUAL
46,CBO_2024_impose_a_tax_on_emissions_of_greenhouse_gases,Impose a Tax on Emissions of Greenhouse Gases,Dec 2024,2024,4,645;700;814;919,https://www.cbo.gov/budget-options,60962,https://www.cbo.gov/budget-options/60962,2025,2034,4,FULL_OFFICIAL_ANNUAL
47,CBO_2024_increase_the_premiums_paid_for_medicare_part_b,Increase the Premiums Paid for Medicare Part B,Dec 2024,2024,1,510,https://www.cbo.gov/budget-options,60899,https://www.cbo.gov/budget-options/60899,2025,2034,1,FULL_OFFICIAL_ANNUAL
48,CBO_2024_tighten_eligibility_for_pell_grants,Tighten Eligibility for Pell Grants,Dec 2024,2024,1,22,https://www.cbo.gov/budget-options,60931,https://www.cbo.gov/budget-options/60931,2025,2034,1,FULL_OFFICIAL_ANNUAL
49,CBO_2024_increase_excise_taxes_on_motor_fuels_and_index_them_for_inflation,Increase Excise Taxes on Motor Fuels and Index Them for Inflation,Dec 2024,2024,1,212,https://www.cbo.gov/budget-options,60963,https://www.cbo.gov/budget-options/60963,2025,2034,1,FULL_OFFICIAL_ANNUAL
50,CBO_2024_reduce_medicare_advantage_benchmarks,Reduce Medicare Advantage Benchmarks,Dec 2024,2024,1,489,https://www.cbo.gov/budget-options,60900,https://www.cbo.gov/budget-options/60900,2025,2034,1,FULL_OFFICIAL_ANNUAL
51,CBO_2024_end_enrollment_in_va_medical_care_for_veterans_in_priority_groups_7_and_8,End Enrollment in VA Medical Care for Veterans in Priority Groups 7 and 8,Dec 2024,2024,1,60,https://www.cbo.gov/budget-options,60932,https://www.cbo.gov/budget-options/60932,2025,2034,1,FULL_OFFICIAL_ANNUAL
52,CBO_2024_increase_excise_taxes_on_tobacco_products,Increase Excise Taxes on Tobacco Products,Dec 2024,2024,1,51,https://www.cbo.gov/budget-options,60964,https://www.cbo.gov/budget-options/60964,2025,2034,1,FULL_OFFICIAL_ANNUAL
53,CBO_2024_adopt_a_voucher_plan_and_slow_the_growth_of_federal_contributions_for_federal_employees_health_benefits,Adopt a Voucher Plan and Slow the Growth of Federal Contributions for Federal Employees' Health Benefits,Dec 2024,2024,2,14;16,https://www.cbo.gov/budget-options,60901,https://www.cbo.gov/budget-options/60901,2025,2034,2,FULL_OFFICIAL_ANNUAL
54,CBO_2024_reduce_the_annual_across_the_board_adjustment_for_federal_civilian_employees_pay,Reduce the Annual Across-the-Board Adjustment for Federal Civilian Employees’ Pay,Dec 2024,2024,1,77,https://www.cbo.gov/budget-options,60933,https://www.cbo.gov/budget-options/60933,2025,2034,1,FULL_OFFICIAL_ANNUAL
55,CBO_2024_increase_taxes_on_alcoholic_beverages,Increase Taxes on Alcoholic Beverages,Dec 2024,2024,2,88;102,https://www.cbo.gov/budget-options,60965,https://www.cbo.gov/budget-options/60965,2025,2034,2,FULL_OFFICIAL_ANNUAL
56,CBO_2024_introduce_enrollment_fees_in_tricare_for_life,Introduce Enrollment Fees in TRICARE for Life,Dec 2024,2024,1,17,https://www.cbo.gov/budget-options,60902,https://www.cbo.gov/budget-options/60902,2025,2034,1,FULL_OFFICIAL_ANNUAL
57,CBO_2024_reduce_selected_nondefense_discretionary_spending,Reduce Selected Nondefense Discretionary Spending,Dec 2024,2024,1,339,https://www.cbo.gov/budget-options,60934,https://www.cbo.gov/budget-options/60934,2025,2034,1,FULL_OFFICIAL_ANNUAL
58,CBO_2024_impose_a_tax_on_financial_transactions,Impose a Tax on Financial Transactions,Dec 2024,2024,1,297,https://www.cbo.gov/budget-options,60966,https://www.cbo.gov/budget-options/60966,2025,2034,1,FULL_OFFICIAL_ANNUAL
59,CBO_2024_introduce_minimum_out_of_pocket_requirements_in_tricare_for_life,Introduce Minimum Out-of-Pocket Requirements in TRICARE for Life,Dec 2024,2024,1,32,https://www.cbo.gov/budget-options,60903,https://www.cbo.gov/budget-options/60903,2025,2034,1,FULL_OFFICIAL_ANNUAL
60,CBO_2024_reduce_funding_for_certain_grants_to_state_and_local_governments,Reduce Funding for Certain Grants to State and Local Governments,Dec 2024,2024,1,67,https://www.cbo.gov/budget-options,60935,https://www.cbo.gov/budget-options/60935,2025,2034,1,FULL_OFFICIAL_ANNUAL
61,CBO_2024_increase_certain_fees_charged_by_citizenship_and_immigration_services_and_customs_and_border_protection_by_20_percent,Increase Certain Fees Charged by Citizenship and Immigration Services and Customs and Border Protection by 20 Percent,Dec 2024,2024,1,16,https://www.cbo.gov/budget-options,60967,https://www.cbo.gov/budget-options/60967,2025,2034,1,FULL_OFFICIAL_ANNUAL
62,CBO_2024_change_the_cost_sharing_rules_for_medicare_and_restrict_medigap_insurance,Change the Cost-Sharing Rules for Medicare and Restrict Medigap Insurance,Dec 2024,2024,3,20;116;129,https://www.cbo.gov/budget-options,60904,https://www.cbo.gov/budget-options/60904,2025,2034,3,FULL_OFFICIAL_ANNUAL
63,CBO_2024_repeal_the_davis_bacon_act,Repeal the Davis-Bacon Act,Dec 2024,2024,1,18,https://www.cbo.gov/budget-options,60936,https://www.cbo.gov/budget-options/60936,2025,2034,1,FULL_OFFICIAL_ANNUAL
64,CBO_2024_increase_federal_civilian_employees_contributions_to_the_federal_employees_retirement_system,Increase Federal Civilian Employees' Contributions to the Federal Employees Retirement System,Dec 2024,2024,1,40,https://www.cbo.gov/budget-options,60968,https://www.cbo.gov/budget-options/60968,2025,2034,1,FULL_OFFICIAL_ANNUAL
65,CBO_2024_reduce_medicare_s_coverage_of_bad_debt,Reduce Medicare's Coverage of Bad Debt,Dec 2024,2024,3,17;33;54,https://www.cbo.gov/budget-options,60905,https://www.cbo.gov/budget-options/60905,2025,2034,3,FULL_OFFICIAL_ANNUAL
66,CBO_2024_increase_individual_income_tax_rates_on_ordinary_income,Increase Individual Income Tax Rates on Ordinary Income,Dec 2024,2024,2,570;1185,https://www.cbo.gov/budget-options,60937,https://www.cbo.gov/budget-options/60937,2025,2034,2,FULL_OFFICIAL_ANNUAL
67,CBO_2024_consolidate_and_reduce_medicare_payments_for_graduate_medical_education_at_teaching_hospitals,Consolidate and Reduce Medicare Payments for Graduate Medical Education at Teaching Hospitals,Dec 2024,2024,2,94;103,https://www.cbo.gov/budget-options,60906,https://www.cbo.gov/budget-options/60906,2025,2034,2,FULL_OFFICIAL_ANNUAL
68,CBO_2024_impose_a_surtax_on_individuals_adjusted_gross_income,Impose a Surtax on Individuals' Adjusted Gross Income,Dec 2024,2024,2,1051;1440,https://www.cbo.gov/budget-options,60938,https://www.cbo.gov/budget-options/60938,2025,2034,2,FULL_OFFICIAL_ANNUAL
69,CBO_2024_modify_payments_to_medicare_advantage_plans_for_health_risk,Modify Payments to Medicare Advantage Plans for Health Risk,Dec 2024,2024,3,124;159;1049,https://www.cbo.gov/budget-options,60907,https://www.cbo.gov/budget-options/60907,2025,2034,3,FULL_OFFICIAL_ANNUAL
70,CBO_2024_eliminate_or_limit_itemized_deductions,Eliminate or Limit Itemized Deductions,Dec 2024,2024,4,736;1621;1910;3424,https://www.cbo.gov/budget-options,60939,https://www.cbo.gov/budget-options/60939,2025,2034,4,FULL_OFFICIAL_ANNUAL
71,CBO_2024_reduce_payments_for_hospital_outpatient_departments,Reduce Payments for Hospital Outpatient Departments,Dec 2024,2024,3,6;8;157,https://www.cbo.gov/budget-options,60908,https://www.cbo.gov/budget-options/60908,2025,2034,3,FULL_OFFICIAL_ANNUAL
72,CBO_2024_raise_the_tax_rates_on_long_term_capital_gains_and_qualified_dividends_by_2_percentage_points,Raise the Tax Rates on Long-Term Capital Gains and Qualified Dividends by 2 Percentage Points,Dec 2024,2024,1,103,https://www.cbo.gov/budget-options,60940,https://www.cbo.gov/budget-options/60940,2025,2034,1,FULL_OFFICIAL_ANNUAL
73,CBO_2024_reduce_payments_for_drugs_delivered_by_340b_hospitals,Reduce Payments for Drugs Delivered by 340B Hospitals,Dec 2024,2024,2,15;74,https://www.cbo.gov/budget-options,60909,https://www.cbo.gov/budget-options/60909,2025,2034,2,FULL_OFFICIAL_ANNUAL
74,CBO_2024_eliminate_or_modify_head_of_household_filing_status,Eliminate or Modify Head-of-Household Filing Status,Dec 2024,2024,2,76;209,https://www.cbo.gov/budget-options,60941,https://www.cbo.gov/budget-options/60941,2025,2034,2,FULL_OFFICIAL_ANNUAL
75,CBO_2024_eliminate_subsidies_for_certain_meals_in_the_national_school_lunch_school_breakfast_and_child_and_adult_care_food_progra,"Eliminate Subsidies for Certain Meals in the National School Lunch, School Breakfast, and Child and Adult Care Food Programs",Dec 2024,2024,1,14,https://www.cbo.gov/budget-options,60910,https://www.cbo.gov/budget-options/60910,2025,2034,1,FULL_OFFICIAL_ANNUAL
76,CBO_2024_limit_the_deduction_for_charitable_giving,Limit the Deduction for Charitable Giving,Dec 2024,2024,2,324;348,https://www.cbo.gov/budget-options,60942,https://www.cbo.gov/budget-options/60942,2025,2034,2,FULL_OFFICIAL_ANNUAL
77,CBO_2022_reduce_spending_on_other_mandatory_programs,Reduce Spending on Other Mandatory Programs,Dec 2022,2022,1,580,https://www.cbo.gov/budget-options,58631,https://www.cbo.gov/budget-options/58631,2023,2032,1,FULL_OFFICIAL_ANNUAL
78,CBO_2022_eliminate_title_i_agriculture_programs,Eliminate Title I Agriculture Programs,Dec 2022,2022,1,49,https://www.cbo.gov/budget-options,58639,https://www.cbo.gov/budget-options/58639,2023,2032,1,FULL_OFFICIAL_ANNUAL
79,CBO_2022_limit_arc_and_plc_payment_acres_to_30_percent_of_base_acres,Limit ARC and PLC Payment Acres to 30 Percent of Base Acres,Dec 2022,2022,1,24,https://www.cbo.gov/budget-options,58641,https://www.cbo.gov/budget-options/58641,2023,2032,1,FULL_OFFICIAL_ANNUAL
80,CBO_2022_reduce_the_size_of_the_nuclear_triad,Reduce the Size of the Nuclear Triad,Dec 2022,2022,2,12;18,https://www.cbo.gov/budget-options,58660,https://www.cbo.gov/budget-options/58660,2023,2032,2,FULL_OFFICIAL_ANNUAL
81,CBO_2022_cancel_the_army_s_future_vertical_lift_aircraft,Cancel the Army's Future Vertical Lift Aircraft,Dec 2022,2022,1,15,https://www.cbo.gov/budget-options,58662,https://www.cbo.gov/budget-options/58662,2023,2032,1,FULL_OFFICIAL_ANNUAL
82,CBO_2022_change_the_tax_treatment_of_capital_gains_from_sales_of_inherited_assets,Change the Tax Treatment of Capital Gains From Sales of Inherited Assets,Dec 2022,2022,1,156,https://www.cbo.gov/budget-options,58691,https://www.cbo.gov/budget-options/58691,2023,2032,1,FULL_OFFICIAL_ANNUAL
83,CBO_2020_eliminate_supplemental_security_income_benefits_for_disabled_children,Eliminate Supplemental Security Income Benefits for Disabled Children,Dec 2020,2020,1,103,https://www.cbo.gov/budget-options,56836,https://www.cbo.gov/budget-options/56836,2021,2030,1,FULL_OFFICIAL_ANNUAL
84,CBO_2020_link_initial_social_security_benefits_to_average_prices_instead_of_average_earnings,Link Initial Social Security Benefits to Average Prices Instead of Average Earnings,Dec 2020,2020,2,69;109,https://www.cbo.gov/budget-options,56837,https://www.cbo.gov/budget-options/56837,2021,2030,2,FULL_OFFICIAL_ANNUAL
85,CBO_2020_make_social_security_s_benefit_structure_more_progressive,Make Social Security’s Benefit Structure More Progressive,Dec 2020,2020,2,8;36,https://www.cbo.gov/budget-options,56838,https://www.cbo.gov/budget-options/56838,2021,2030,2,FULL_OFFICIAL_ANNUAL
86,CBO_2020_eliminate_eligibility_for_starting_social_security_disability_benefits_at_age_62_or_later,Eliminate Eligibility for Starting Social Security Disability Benefits at Age 62 or Later,Dec 2020,2020,1,21,https://www.cbo.gov/budget-options,56841,https://www.cbo.gov/budget-options/56841,2021,2030,1,FULL_OFFICIAL_ANNUAL
87,CBO_2020_tax_social_security_and_railroad_retirement_benefits_in_the_same_way_that_distributions_from_defined_benefit_pensions_ar,Tax Social Security and Railroad Retirement Benefits in the Same Way That Distributions From Defined Benefit Pensions Are Taxed,Dec 2020,2020,1,459,https://www.cbo.gov/budget-options,56856,https://www.cbo.gov/budget-options/56856,2021,2030,1,FULL_OFFICIAL_ANNUAL
88,CBO_2020_increase_the_payroll_tax_rate_for_medicare_hospital_insurance,Increase the Payroll Tax Rate for Medicare Hospital Insurance,Dec 2020,2020,2,878;1736,https://www.cbo.gov/budget-options,56860,https://www.cbo.gov/budget-options/56860,2021,2030,2,FULL_OFFICIAL_ANNUAL
89,CBO_2020_increase_the_payroll_tax_rate_for_social_security,Increase the Payroll Tax Rate for Social Security,Dec 2020,2020,2,712;1406,https://www.cbo.gov/budget-options,56861,https://www.cbo.gov/budget-options/56861,2021,2030,2,FULL_OFFICIAL_ANNUAL
90,CBO_2020_impose_an_excise_tax_on_overland_freight_transport,Impose an Excise Tax on Overland Freight Transport,Dec 2020,2020,1,351,https://www.cbo.gov/budget-options,56871,https://www.cbo.gov/budget-options/56871,2021,2030,1,FULL_OFFICIAL_ANNUAL
91,CBO_2020_reduce_dod_s_operation_and_maintenance_appropriation_excluding_funding_for_the_defense_health_program,Reduce DoD’s Operation and Maintenance Appropriation (Excluding Funding for the Defense Health Program),Dec 2020,2020,2,60;168,https://www.cbo.gov/budget-options,56786,https://www.cbo.gov/budget-options/56786,2021,2030,2,FULL_OFFICIAL_ANNUAL
92,CBO_2020_reduce_funding_for_naval_ship_construction_to_historical_levels,Reduce Funding for Naval Ship Construction to Historical Levels,Dec 2020,2020,1,51,https://www.cbo.gov/budget-options,56790,https://www.cbo.gov/budget-options/56790,2021,2030,1,FULL_OFFICIAL_ANNUAL
93,CBO_2020_eliminate_head_start,Eliminate Head Start,Dec 2020,2020,1,95,https://www.cbo.gov/budget-options,56805,https://www.cbo.gov/budget-options/56805,2021,2030,1,FULL_OFFICIAL_ANNUAL
94,CBO_2020_limit_enrollment_in_the_department_of_agriculture_s_conservation_programs,Limit Enrollment in the Department of Agriculture’s Conservation Programs,Dec 2020,2020,3,3;5;8,https://www.cbo.gov/budget-options,56813,https://www.cbo.gov/budget-options/56813,2021,2030,3,FULL_OFFICIAL_ANNUAL
95,CBO_2018_cancel_plans_to_purchase_additional_f_35_joint_strike_fighters_and_instead_purchase_f_16s_and_f_a_18s,Cancel Plans to Purchase Additional F-35 Joint Strike Fighters and Instead Purchase F-16s and F/A-18s,Dec 2018,2018,1,13,https://www.cbo.gov/budget-options,54757,https://www.cbo.gov/budget-options/54757,2019,2028,1,FULL_OFFICIAL_ANNUAL
96,CBO_2018_modify_tricare_enrollment_fees_and_cost_sharing_for_working_age_military_retirees,Modify TRICARE Enrollment Fees and Cost Sharing for Working-Age Military Retirees,Dec 2018,2018,1,11,https://www.cbo.gov/budget-options,54763,https://www.cbo.gov/budget-options/54763,2019,2028,1,FULL_OFFICIAL_ANNUAL
97,CBO_2018_cancel_the_ground_based_midcourse_defense_system,Cancel the Ground-Based Midcourse Defense System,Dec 2018,2018,1,18,https://www.cbo.gov/budget-options,54766,https://www.cbo.gov/budget-options/54766,2019,2028,1,FULL_OFFICIAL_ANNUAL
98,CBO_2018_cancel_development_and_production_of_the_new_missile_in_the_ground_based_strategic_deterrent_program,Cancel Development and Production of the New Missile in the Ground-Based Strategic Deterrent Program,Dec 2018,2018,1,24,https://www.cbo.gov/budget-options,54768,https://www.cbo.gov/budget-options/54768,2019,2028,1,FULL_OFFICIAL_ANNUAL
99,CBO_2018_reduce_appropriations_for_global_health_to_their_level_in_2000,Reduce Appropriations for Global Health to Their Level in 2000,Dec 2018,2018,1,57,https://www.cbo.gov/budget-options,54770,https://www.cbo.gov/budget-options/54770,2019,2028,1,FULL_OFFICIAL_ANNUAL
100,CBO_2018_eliminate_human_space_exploration_programs,Eliminate Human Space Exploration Programs,Dec 2018,2018,1,89,https://www.cbo.gov/budget-options,54771,https://www.cbo.gov/budget-options/54771,2019,2028,1,FULL_OFFICIAL_ANNUAL
101,CBO_2018_reduce_department_of_energy_funding_for_energy_technology_development,Reduce Department of Energy Funding for Energy Technology Development,Dec 2018,2018,4,3;5;8;16,https://www.cbo.gov/budget-options,54772,https://www.cbo.gov/budget-options/54772,2019,2028,4,FULL_OFFICIAL_ANNUAL
102,CBO_2018_limit_highway_and_transit_funding_to_expected_revenues,Limit Highway and Transit Funding to Expected Revenues,Dec 2018,2018,1,116,https://www.cbo.gov/budget-options,54774,https://www.cbo.gov/budget-options/54774,2019,2028,1,FULL_OFFICIAL_ANNUAL
103,CBO_2018_eliminate_the_federal_transit_administration,Eliminate the Federal Transit Administration,Dec 2018,2018,1,87,https://www.cbo.gov/budget-options,54775,https://www.cbo.gov/budget-options/54775,2019,2028,1,FULL_OFFICIAL_ANNUAL
104,CBO_2018_increase_the_passenger_fee_for_aviation_security,Increase the Passenger Fee for Aviation Security,Dec 2018,2018,1,21,https://www.cbo.gov/budget-options,54776,https://www.cbo.gov/budget-options/54776,2019,2028,1,FULL_OFFICIAL_ANNUAL
105,CBO_2018_increase_payments_by_tenants_in_federally_assisted_housing,Increase Payments by Tenants in Federally Assisted Housing,Dec 2018,2018,1,21,https://www.cbo.gov/budget-options,54780,https://www.cbo.gov/budget-options/54780,2019,2028,1,FULL_OFFICIAL_ANNUAL
106,CBO_2018_reduce_funding_for_the_housing_choice_voucher_program_or_eliminate_the_program,Reduce Funding for the Housing Choice Voucher Program or Eliminate the Program,Dec 2018,2018,2,9;125,https://www.cbo.gov/budget-options,54781,https://www.cbo.gov/budget-options/54781,2019,2028,2,FULL_OFFICIAL_ANNUAL
107,CBO_2018_include_employer_paid_premiums_for_income_replacement_insurance_in_employees_taxable_income,Include Employer-Paid Premiums for Income Replacement Insurance in Employees’ Taxable Income,Dec 2018,2018,1,342,https://www.cbo.gov/budget-options,54797,https://www.cbo.gov/budget-options/54797,2019,2028,1,FULL_OFFICIAL_ANNUAL
108,CBO_2018_tax_all_pass_through_business_owners_under_seca_and_impose_a_material_participation_standard,Tax All Pass-Through Business Owners Under SECA and Impose a Material Participation Standard,Dec 2018,2018,1,163,https://www.cbo.gov/budget-options,54808,https://www.cbo.gov/budget-options/54808,2019,2028,1,FULL_OFFICIAL_ANNUAL
109,CBO_2018_increase_taxes_that_finance_the_federal_share_of_the_unemployment_insurance_system,Increase Taxes That Finance the Federal Share of the Unemployment Insurance System,Dec 2018,2018,1,18,https://www.cbo.gov/budget-options,54809,https://www.cbo.gov/budget-options/54809,2019,2028,1,FULL_OFFICIAL_ANNUAL
110,CBO_2018_repeal_certain_tax_preferences_for_energy_and_natural_resource_based_industries,Repeal Certain Tax Preferences for Energy and Natural Resource–Based Industries,Dec 2018,2018,3,2;6;8,https://www.cbo.gov/budget-options,54811,https://www.cbo.gov/budget-options/54811,2019,2028,3,FULL_OFFICIAL_ANNUAL
111,CBO_2018_impose_fees_to_cover_the_costs_of_government_regulations_and_charge_for_services_provided_to_the_private_sector,Impose Fees to Cover the Costs of Government Regulations and Charge for Services Provided to the Private Sector,Dec 2018,2018,5,0;1;2;9;14,https://www.cbo.gov/budget-options,54819,https://www.cbo.gov/budget-options/54819,2019,2028,1,FULL_OFFICIAL_ANNUAL
112,CBO_2018_impose_a_fee_on_large_financial_institutions,Impose a Fee on Large Financial Institutions,Dec 2018,2018,2,90;103,https://www.cbo.gov/budget-options,54822,https://www.cbo.gov/budget-options/54822,2019,2028,2,FULL_OFFICIAL_ANNUAL
113,CBO_2018_tax_gains_from_derivatives_as_ordinary_income_on_a_mark_to_market_basis,Tax Gains from Derivatives as Ordinary Income on a Mark-to-Market Basis,Dec 2018,2018,1,19,https://www.cbo.gov/budget-options,54824,https://www.cbo.gov/budget-options/54824,2019,2028,1,FULL_OFFICIAL_ANNUAL
114,CBO_2018_divest_two_agencies_of_their_electric_transmission_assets,Divest Two Agencies of Their Electric Transmission Assets,Dec 2018,2018,1,2,https://www.cbo.gov/budget-options,54827,https://www.cbo.gov/budget-options/54827,2019,2028,1,OFFICIAL_TEN_YEAR_TOTAL_ONLY
115,CBO_2018_change_the_national_flood_insurance_program,Change the National Flood Insurance Program,Dec 2018,2018,1,1,https://www.cbo.gov/budget-options,54828,https://www.cbo.gov/budget-options/54828,2019,2028,1,OFFICIAL_TEN_YEAR_TOTAL_ONLY
116,CBO_2018_tighten_eligibility_for_the_supplemental_nutrition_assistance_program,Tighten Eligibility for the Supplemental Nutrition Assistance Program,Dec 2018,2018,1,8,https://www.cbo.gov/budget-options,54829,https://www.cbo.gov/budget-options/54829,2019,2028,1,OFFICIAL_TEN_YEAR_TOTAL_ONLY
117,CBO_2018_reduce_pension_benefits_for_new_federal_retirees,Reduce Pension Benefits for New Federal Retirees,Dec 2018,2018,1,3,https://www.cbo.gov/budget-options,54830,https://www.cbo.gov/budget-options/54830,2019,2028,1,OFFICIAL_TEN_YEAR_TOTAL_ONLY
118,CBO_2018_eliminate_the_special_retirement_supplement_for_new_federal_retirees,Eliminate the Special Retirement Supplement for New Federal Retirees,Dec 2018,2018,1,5,https://www.cbo.gov/budget-options,54831,https://www.cbo.gov/budget-options/54831,2019,2028,1,OFFICIAL_TEN_YEAR_TOTAL_ONLY
119,CBO_2018_eliminate_certain_forest_service_programs,Eliminate Certain Forest Service Programs,Dec 2018,2018,1,6,https://www.cbo.gov/budget-options,54832,https://www.cbo.gov/budget-options/54832,2019,2028,1,OFFICIAL_TEN_YEAR_TOTAL_ONLY
120,CBO_2018_limit_the_number_of_cities_receiving_urban_areas_security_initiative_grants,Limit the Number of Cities Receiving Urban Areas Security Initiative Grants,Dec 2018,2018,1,1,https://www.cbo.gov/budget-options,54833,https://www.cbo.gov/budget-options/54833,2019,2028,1,OFFICIAL_TEN_YEAR_TOTAL_ONLY
121,CBO_2018_eliminate_the_international_trade_administration_s_trade_promotion_activities,Eliminate the International Trade Administration's Trade-Promotion Activities,Dec 2018,2018,1,3,https://www.cbo.gov/budget-options,54834,https://www.cbo.gov/budget-options/54834,2019,2028,1,OFFICIAL_TEN_YEAR_TOTAL_ONLY
122,CBO_2018_raise_the_age_of_eligibility_for_medicare_to_67,Raise the Age of Eligibility for Medicare to 67,Dec 2018,2018,2,15;22,https://www.cbo.gov/budget-options,54733,https://www.cbo.gov/budget-options/54733,2019,2028,2,FULL_OFFICIAL_ANNUAL
123,CBO_2018_convert_the_home_equity_conversion_mortgage_program_into_a_direct_loan_program,Convert the Home Equity Conversion Mortgage Program Into a Direct Loan Program,Dec 2018,2018,1,3,https://www.cbo.gov/budget-options,54835,https://www.cbo.gov/budget-options/54835,2019,2028,1,OFFICIAL_TEN_YEAR_TOTAL_ONLY
124,CBO_2018_reduce_quality_bonus_payments_to_medicare_advantage_plans,Reduce Quality Bonus Payments to Medicare Advantage Plans,Dec 2018,2018,2,18;94,https://www.cbo.gov/budget-options,54737,https://www.cbo.gov/budget-options/54737,2019,2028,2,FULL_OFFICIAL_ANNUAL
125,CBO_2018_convert_multiple_assistance_programs_for_lower_income_people_into_smaller_block_grants_to_states,Convert Multiple Assistance Programs for Lower-Income People Into Smaller Block Grants to States,Dec 2018,2018,3,88;160;247,https://www.cbo.gov/budget-options,54739,https://www.cbo.gov/budget-options/54739,2019,2028,3,FULL_OFFICIAL_ANNUAL
126,CBO_2018_reduce_tanf_s_state_family_assistance_grant_by_10_percent,Reduce TANF’s State Family Assistance Grant by 10 Percent,Dec 2018,2018,1,13,https://www.cbo.gov/budget-options,,https://www.cbo.gov/budget-options,2019,2028,1,FULL_OFFICIAL_ANNUAL
127,CBO_2018_narrow_eligibility_for_veterans_disability_compensation_by_excluding_certain_disabilities_unrelated_to_military_duties,Narrow Eligibility for Veterans’ Disability Compensation by Excluding Certain Disabilities Unrelated to Military Duties,Dec 2018,2018,2,4;33,https://www.cbo.gov/budget-options,54748,https://www.cbo.gov/budget-options/54748,2019,2028,2,FULL_OFFICIAL_ANNUAL
