candidate_id,family_key,family_title,variant_name,latest_estimate,estimate_year,source_start_year,source_end_year,source_url,fiscal_channel,annual_profile_status,ss_actuarial_improvement_pct_payroll,note,index_ten_year_savings_bil
CBO_2024_reduce_subsidies_in_the_crop_insurance_program__premium_subsidies_plus_administrative_rate_of_return_changes,CBO_2024_reduce_subsidies_in_the_crop_insurance_program,Reduce Subsidies in the Crop Insurance Program,Premium subsidies plus administrative/rate-of-return changes,Dec 2024,2024,2025,2034,https://www.cbo.gov/budget-options/60893,OUTLAY,FULL_OFFICIAL_ANNUAL,,,
CBO_2024_raise_fannie_mae_s_and_freddie_mac_s_guarantee_fees_and_decrease_their_eligible_loan_limits__increase_guarantee_fees,CBO_2024_raise_fannie_mae_s_and_freddie_mac_s_guarantee_fees_and_decrease_their_eligible_loan_limits,Raise Fannie Mae's and Freddie Mac's Guarantee Fees and Decrease Their Eligible Loan Limits,Increase guarantee fees,Dec 2024,2024,2025,2034,https://www.cbo.gov/budget-options/60894,OUTLAY,FULL_OFFICIAL_ANNUAL,,,
CBO_2024_raise_fannie_mae_s_and_freddie_mac_s_guarantee_fees_and_decrease_their_eligible_loan_limits__decrease_eligible_loan_limits,CBO_2024_raise_fannie_mae_s_and_freddie_mac_s_guarantee_fees_and_decrease_their_eligible_loan_limits,Raise Fannie Mae's and Freddie Mac's Guarantee Fees and Decrease Their Eligible Loan Limits,Decrease eligible loan limits,Dec 2024,2024,2025,2034,https://www.cbo.gov/budget-options/60894,OUTLAY,FULL_OFFICIAL_ANNUAL,,,
CBO_2024_raise_fannie_mae_s_and_freddie_mac_s_guarantee_fees_and_decrease_their_eligible_loan_limits__both_changes,CBO_2024_raise_fannie_mae_s_and_freddie_mac_s_guarantee_fees_and_decrease_their_eligible_loan_limits,Raise Fannie Mae's and Freddie Mac's Guarantee Fees and Decrease Their Eligible Loan Limits,Both changes,Dec 2024,2024,2025,2034,https://www.cbo.gov/budget-options/60894,OUTLAY,FULL_OFFICIAL_ANNUAL,,,
CBO_2024_eliminate_the_add_on_to_pell_grants_which_is_funded_with_mandatory_spending__eliminate_mandatory_add_on,CBO_2024_eliminate_the_add_on_to_pell_grants_which_is_funded_with_mandatory_spending,"Eliminate the Add-On to Pell Grants, Which Is Funded With Mandatory Spending",Eliminate mandatory add-on,Dec 2024,2024,2025,2034,https://www.cbo.gov/budget-options/60895,OUTLAY,FULL_OFFICIAL_ANNUAL,,Combines mandatory outlay row with approximately -0.1B discretionary outlays where published; rounded to nearest 0.1B.,
CBO_2024_establish_caps_on_federal_spending_for_medicaid__overall_cap_cpi_growth,CBO_2024_establish_caps_on_federal_spending_for_medicaid,Establish Caps on Federal Spending for Medicaid,"Overall cap, CPI growth",Dec 2024,2024,2025,2034,https://www.cbo.gov/budget-options/60896,DEFICIT_ONLY,FULL_OFFICIAL_ANNUAL,,,
CBO_2024_establish_caps_on_federal_spending_for_medicaid__overall_cap_cpi_plus_1_percentage_point,CBO_2024_establish_caps_on_federal_spending_for_medicaid,Establish Caps on Federal Spending for Medicaid,"Overall cap, CPI plus 1 percentage point",Dec 2024,2024,2025,2034,https://www.cbo.gov/budget-options/60896,DEFICIT_ONLY,FULL_OFFICIAL_ANNUAL,,,
CBO_2024_establish_caps_on_federal_spending_for_medicaid__per_enrollee_cap_cpi_growth,CBO_2024_establish_caps_on_federal_spending_for_medicaid,Establish Caps on Federal Spending for Medicaid,"Per-enrollee cap, CPI growth",Dec 2024,2024,2025,2034,https://www.cbo.gov/budget-options/60896,DEFICIT_ONLY,FULL_OFFICIAL_ANNUAL,,,
CBO_2024_establish_caps_on_federal_spending_for_medicaid__per_enrollee_cap_cpi_plus_1_percentage_point,CBO_2024_establish_caps_on_federal_spending_for_medicaid,Establish Caps on Federal Spending for Medicaid,"Per-enrollee cap, CPI plus 1 percentage point",Dec 2024,2024,2025,2034,https://www.cbo.gov/budget-options/60896,DEFICIT_ONLY,FULL_OFFICIAL_ANNUAL,,,
CBO_2024_limit_state_taxes_on_health_care_providers__limit_provider_taxes_to_5_percent,CBO_2024_limit_state_taxes_on_health_care_providers,Limit State Taxes on Health Care Providers,Limit provider taxes to 5 percent,Dec 2024,2024,2025,2034,https://www.cbo.gov/budget-options/60897,DEFICIT_ONLY,FULL_OFFICIAL_ANNUAL,,,
CBO_2024_limit_state_taxes_on_health_care_providers__limit_provider_taxes_to_2_5_percent,CBO_2024_limit_state_taxes_on_health_care_providers,Limit State Taxes on Health Care Providers,Limit provider taxes to 2.5 percent,Dec 2024,2024,2025,2034,https://www.cbo.gov/budget-options/60897,DEFICIT_ONLY,FULL_OFFICIAL_ANNUAL,,,
CBO_2024_limit_state_taxes_on_health_care_providers__eliminate_provider_tax_threshold,CBO_2024_limit_state_taxes_on_health_care_providers,Limit State Taxes on Health Care Providers,Eliminate provider-tax threshold,Dec 2024,2024,2025,2034,https://www.cbo.gov/budget-options/60897,DEFICIT_ONLY,FULL_OFFICIAL_ANNUAL,,,
CBO_2024_reduce_federal_medicaid_matching_rates__apply_same_administrative_matching_rate,CBO_2024_reduce_federal_medicaid_matching_rates,Reduce Federal Medicaid Matching Rates,Apply same administrative matching rate,Dec 2024,2024,2025,2034,https://www.cbo.gov/budget-options/60898,OUTLAY,FULL_OFFICIAL_ANNUAL,,,
CBO_2024_reduce_federal_medicaid_matching_rates__remove_statutory_fmap_floor,CBO_2024_reduce_federal_medicaid_matching_rates,Reduce Federal Medicaid Matching Rates,Remove statutory FMAP floor,Dec 2024,2024,2025,2034,https://www.cbo.gov/budget-options/60898,OUTLAY,FULL_OFFICIAL_ANNUAL,,,
CBO_2024_reduce_federal_medicaid_matching_rates__reduce_aca_expansion_matching_rate,CBO_2024_reduce_federal_medicaid_matching_rates,Reduce Federal Medicaid Matching Rates,Reduce ACA expansion matching rate,Dec 2024,2024,2025,2034,https://www.cbo.gov/budget-options/60898,OUTLAY,FULL_OFFICIAL_ANNUAL,,,
CBO_2024_increase_the_premiums_paid_for_medicare_part_b__increase_part_b_premiums,CBO_2024_increase_the_premiums_paid_for_medicare_part_b,Increase the Premiums Paid for Medicare Part B,Increase Part B premiums,Dec 2024,2024,2025,2034,https://www.cbo.gov/budget-options/60899,DEFICIT_ONLY,FULL_OFFICIAL_ANNUAL,,,
CBO_2024_reduce_medicare_advantage_benchmarks__reduce_benchmarks_by_10_percent,CBO_2024_reduce_medicare_advantage_benchmarks,Reduce Medicare Advantage Benchmarks,Reduce benchmarks by 10 percent,Dec 2024,2024,2025,2034,https://www.cbo.gov/budget-options/60900,OUTLAY,FULL_OFFICIAL_ANNUAL,,,
CBO_2024_adopt_a_voucher_plan_and_slow_the_growth_of_federal_contributions_for_federal_employees_health_benefits__cpi_u_indexing,CBO_2024_adopt_a_voucher_plan_and_slow_the_growth_of_federal_contributions_for_federal_employees_health_benefits,Adopt a Voucher Plan and Slow the Growth of Federal Contributions for Federal Employees' Health Benefits,CPI-U indexing,Dec 2024,2024,2025,2034,https://www.cbo.gov/budget-options/60901,DEFICIT_ONLY,FULL_OFFICIAL_ANNUAL,,Net of mandatory/revenue and discretionary outlay rows.,
CBO_2024_adopt_a_voucher_plan_and_slow_the_growth_of_federal_contributions_for_federal_employees_health_benefits__chained_cpi_indexing,CBO_2024_adopt_a_voucher_plan_and_slow_the_growth_of_federal_contributions_for_federal_employees_health_benefits,Adopt a Voucher Plan and Slow the Growth of Federal Contributions for Federal Employees' Health Benefits,Chained-CPI indexing,Dec 2024,2024,2025,2034,https://www.cbo.gov/budget-options/60901,DEFICIT_ONLY,FULL_OFFICIAL_ANNUAL,,Net of mandatory/revenue and discretionary outlay rows.,
CBO_2024_introduce_enrollment_fees_in_tricare_for_life__enrollment_fee,CBO_2024_introduce_enrollment_fees_in_tricare_for_life,Introduce Enrollment Fees in TRICARE for Life,Enrollment fee,Dec 2024,2024,2025,2034,https://www.cbo.gov/budget-options/60902,OUTLAY,FULL_OFFICIAL_ANNUAL,,,
CBO_2024_introduce_minimum_out_of_pocket_requirements_in_tricare_for_life__minimum_out_of_pocket_requirement,CBO_2024_introduce_minimum_out_of_pocket_requirements_in_tricare_for_life,Introduce Minimum Out-of-Pocket Requirements in TRICARE for Life,Minimum out-of-pocket requirement,Dec 2024,2024,2025,2034,https://www.cbo.gov/budget-options/60903,OUTLAY,FULL_OFFICIAL_ANNUAL,,,
CBO_2024_change_the_cost_sharing_rules_for_medicare_and_restrict_medigap_insurance__uniform_medicare_cost_sharing,CBO_2024_change_the_cost_sharing_rules_for_medicare_and_restrict_medigap_insurance,Change the Cost-Sharing Rules for Medicare and Restrict Medigap Insurance,Uniform Medicare cost sharing,Dec 2024,2024,2025,2034,https://www.cbo.gov/budget-options/60904,DEFICIT_ONLY,FULL_OFFICIAL_ANNUAL,,,
CBO_2024_change_the_cost_sharing_rules_for_medicare_and_restrict_medigap_insurance__restrict_medigap_first_dollar_coverage,CBO_2024_change_the_cost_sharing_rules_for_medicare_and_restrict_medigap_insurance,Change the Cost-Sharing Rules for Medicare and Restrict Medigap Insurance,Restrict Medigap first-dollar coverage,Dec 2024,2024,2025,2034,https://www.cbo.gov/budget-options/60904,DEFICIT_ONLY,FULL_OFFICIAL_ANNUAL,,,
CBO_2024_change_the_cost_sharing_rules_for_medicare_and_restrict_medigap_insurance__both_changes,CBO_2024_change_the_cost_sharing_rules_for_medicare_and_restrict_medigap_insurance,Change the Cost-Sharing Rules for Medicare and Restrict Medigap Insurance,Both changes,Dec 2024,2024,2025,2034,https://www.cbo.gov/budget-options/60904,DEFICIT_ONLY,FULL_OFFICIAL_ANNUAL,,,
CBO_2024_reduce_medicare_s_coverage_of_bad_debt__reduce_bad_debt_coverage_to_45_percent,CBO_2024_reduce_medicare_s_coverage_of_bad_debt,Reduce Medicare's Coverage of Bad Debt,Reduce bad-debt coverage to 45 percent,Dec 2024,2024,2025,2034,https://www.cbo.gov/budget-options/60905,OUTLAY,FULL_OFFICIAL_ANNUAL,,,
CBO_2024_reduce_medicare_s_coverage_of_bad_debt__reduce_bad_debt_coverage_to_25_percent,CBO_2024_reduce_medicare_s_coverage_of_bad_debt,Reduce Medicare's Coverage of Bad Debt,Reduce bad-debt coverage to 25 percent,Dec 2024,2024,2025,2034,https://www.cbo.gov/budget-options/60905,OUTLAY,FULL_OFFICIAL_ANNUAL,,,
CBO_2024_reduce_medicare_s_coverage_of_bad_debt__eliminate_bad_debt_coverage,CBO_2024_reduce_medicare_s_coverage_of_bad_debt,Reduce Medicare's Coverage of Bad Debt,Eliminate bad-debt coverage,Dec 2024,2024,2025,2034,https://www.cbo.gov/budget-options/60905,OUTLAY,FULL_OFFICIAL_ANNUAL,,,
CBO_2024_consolidate_and_reduce_medicare_payments_for_graduate_medical_education_at_teaching_hospitals__index_grants_to_cpi,CBO_2024_consolidate_and_reduce_medicare_payments_for_graduate_medical_education_at_teaching_hospitals,Consolidate and Reduce Medicare Payments for Graduate Medical Education at Teaching Hospitals,Index grants to CPI,Dec 2024,2024,2025,2034,https://www.cbo.gov/budget-options/60906,OUTLAY,FULL_OFFICIAL_ANNUAL,,,
CBO_2024_consolidate_and_reduce_medicare_payments_for_graduate_medical_education_at_teaching_hospitals__index_grants_to_cpi_minus_1_percentage_point,CBO_2024_consolidate_and_reduce_medicare_payments_for_graduate_medical_education_at_teaching_hospitals,Consolidate and Reduce Medicare Payments for Graduate Medical Education at Teaching Hospitals,Index grants to CPI minus 1 percentage point,Dec 2024,2024,2025,2034,https://www.cbo.gov/budget-options/60906,OUTLAY,FULL_OFFICIAL_ANNUAL,,,
CBO_2024_modify_payments_to_medicare_advantage_plans_for_health_risk__increase_coding_pattern_adjustment_to_8_percent,CBO_2024_modify_payments_to_medicare_advantage_plans_for_health_risk,Modify Payments to Medicare Advantage Plans for Health Risk,Increase coding-pattern adjustment to 8 percent,Dec 2024,2024,2025,2034,https://www.cbo.gov/budget-options/60907,OUTLAY,FULL_OFFICIAL_ANNUAL,,,
CBO_2024_modify_payments_to_medicare_advantage_plans_for_health_risk__increase_coding_pattern_adjustment_to_20_percent,CBO_2024_modify_payments_to_medicare_advantage_plans_for_health_risk,Modify Payments to Medicare Advantage Plans for Health Risk,Increase coding-pattern adjustment to 20 percent,Dec 2024,2024,2025,2034,https://www.cbo.gov/budget-options/60907,OUTLAY,FULL_OFFICIAL_ANNUAL,,,
CBO_2024_modify_payments_to_medicare_advantage_plans_for_health_risk__use_two_years_of_diagnoses_and_exclude_hras,CBO_2024_modify_payments_to_medicare_advantage_plans_for_health_risk,Modify Payments to Medicare Advantage Plans for Health Risk,Use two years of diagnoses and exclude HRAs,Dec 2024,2024,2025,2034,https://www.cbo.gov/budget-options/60907,OUTLAY,FULL_OFFICIAL_ANNUAL,,,
CBO_2024_reduce_payments_for_hospital_outpatient_departments__broaden_site_neutral_payments,CBO_2024_reduce_payments_for_hospital_outpatient_departments,Reduce Payments for Hospital Outpatient Departments,Broaden site-neutral payments,Dec 2024,2024,2025,2034,https://www.cbo.gov/budget-options/60908,OUTLAY,FULL_OFFICIAL_ANNUAL,,,
CBO_2024_reduce_payments_for_hospital_outpatient_departments__drug_administration_in_off_campus_departments,CBO_2024_reduce_payments_for_hospital_outpatient_departments,Reduce Payments for Hospital Outpatient Departments,Drug administration in off-campus departments,Dec 2024,2024,2025,2034,https://www.cbo.gov/budget-options/60908,OUTLAY,FULL_OFFICIAL_ANNUAL,,,
CBO_2024_reduce_payments_for_hospital_outpatient_departments__imaging_in_off_campus_departments,CBO_2024_reduce_payments_for_hospital_outpatient_departments,Reduce Payments for Hospital Outpatient Departments,Imaging in off-campus departments,Dec 2024,2024,2025,2034,https://www.cbo.gov/budget-options/60908,OUTLAY,FULL_OFFICIAL_ANNUAL,,,
CBO_2024_reduce_payments_for_drugs_delivered_by_340b_hospitals__asp_minus_22_5_percent,CBO_2024_reduce_payments_for_drugs_delivered_by_340b_hospitals,Reduce Payments for Drugs Delivered by 340B Hospitals,ASP minus 22.5 percent,Dec 2024,2024,2025,2034,https://www.cbo.gov/budget-options/60909,OUTLAY,FULL_OFFICIAL_ANNUAL,,,
CBO_2024_reduce_payments_for_drugs_delivered_by_340b_hospitals__asp,CBO_2024_reduce_payments_for_drugs_delivered_by_340b_hospitals,Reduce Payments for Drugs Delivered by 340B Hospitals,ASP,Dec 2024,2024,2025,2034,https://www.cbo.gov/budget-options/60909,OUTLAY,FULL_OFFICIAL_ANNUAL,,,
CBO_2024_eliminate_subsidies_for_certain_meals_in_the_national_school_lunch_school_breakfast_and_child_and_adult_care_food_progra__eliminate_specified_subsidies,CBO_2024_eliminate_subsidies_for_certain_meals_in_the_national_school_lunch_school_breakfast_and_child_and_adult_care_food_progra,"Eliminate Subsidies for Certain Meals in the National School Lunch, School Breakfast, and Child and Adult Care Food Programs",Eliminate specified subsidies,Dec 2024,2024,2025,2034,https://www.cbo.gov/budget-options/60910,OUTLAY,FULL_OFFICIAL_ANNUAL,,,
CBO_2024_reduce_social_security_benefits_for_high_earners__70th_percentile_threshold_9_year_phase_in,CBO_2024_reduce_social_security_benefits_for_high_earners,Reduce Social Security Benefits for High Earners,"70th-percentile threshold, 9-year phase-in",Dec 2024,2024,2025,2034,https://www.cbo.gov/budget-options/60911,OUTLAY,FULL_OFFICIAL_ANNUAL,0.8,CBO entries below $0.5B represented as zero.,
CBO_2024_reduce_social_security_benefits_for_high_earners__50th_percentile_threshold_9_year_phase_in,CBO_2024_reduce_social_security_benefits_for_high_earners,Reduce Social Security Benefits for High Earners,"50th-percentile threshold, 9-year phase-in",Dec 2024,2024,2025,2034,https://www.cbo.gov/budget-options/60911,OUTLAY,FULL_OFFICIAL_ANNUAL,1.8,CBO entries below $0.5B represented as zero.,
CBO_2024_reduce_social_security_benefits_for_high_earners__50th_percentile_threshold_5_year_phase_in,CBO_2024_reduce_social_security_benefits_for_high_earners,Reduce Social Security Benefits for High Earners,"50th-percentile threshold, 5-year phase-in",Dec 2024,2024,2025,2034,https://www.cbo.gov/budget-options/60911,OUTLAY,FULL_OFFICIAL_ANNUAL,,CBO entries below $0.5B represented as zero.,
CBO_2024_establish_a_uniform_social_security_benefit__150_percent_of_federal_poverty_level,CBO_2024_establish_a_uniform_social_security_benefit,Establish a Uniform Social Security Benefit,150 percent of federal poverty level,Dec 2024,2024,2025,2034,https://www.cbo.gov/budget-options/60912,OUTLAY,FULL_OFFICIAL_ANNUAL,,,
CBO_2024_establish_a_uniform_social_security_benefit__125_percent_of_federal_poverty_level,CBO_2024_establish_a_uniform_social_security_benefit,Establish a Uniform Social Security Benefit,125 percent of federal poverty level,Dec 2024,2024,2025,2034,https://www.cbo.gov/budget-options/60912,OUTLAY,FULL_OFFICIAL_ANNUAL,,,
CBO_2024_raise_the_full_retirement_age_for_social_security__raise_fra,CBO_2024_raise_the_full_retirement_age_for_social_security,Raise the Full Retirement Age for Social Security,Raise FRA,Dec 2024,2024,2025,2034,https://www.cbo.gov/budget-options/60913,OUTLAY,FULL_OFFICIAL_ANNUAL,,,
CBO_2024_require_social_security_disability_insurance_applicants_to_have_worked_more_in_recent_years__tighten_recent_work_requirement,CBO_2024_require_social_security_disability_insurance_applicants_to_have_worked_more_in_recent_years,Require Social Security Disability Insurance Applicants to Have Worked More in Recent Years,Tighten recent-work requirement,Dec 2024,2024,2025,2034,https://www.cbo.gov/budget-options/60914,OUTLAY,FULL_OFFICIAL_ANNUAL,,,
CBO_2024_introduce_means_testing_for_eligibility_for_va_s_disability_compensation__means_test,CBO_2024_introduce_means_testing_for_eligibility_for_va_s_disability_compensation,Introduce Means-Testing for Eligibility for VA’s Disability Compensation,Means test,Dec 2024,2024,2025,2034,https://www.cbo.gov/budget-options/60915,OUTLAY,FULL_OFFICIAL_ANNUAL,,,
CBO_2024_end_va_s_individual_unemployability_payments_to_disabled_veterans_at_the_full_retirement_age_for_social_security__all_affected_recipients,CBO_2024_end_va_s_individual_unemployability_payments_to_disabled_veterans_at_the_full_retirement_age_for_social_security,End VA’s Individual Unemployability Payments to Disabled Veterans at the Full Retirement Age for Social Security,All affected recipients,Dec 2024,2024,2025,2034,https://www.cbo.gov/budget-options/60916,OUTLAY,FULL_OFFICIAL_ANNUAL,,,
CBO_2024_end_va_s_individual_unemployability_payments_to_disabled_veterans_at_the_full_retirement_age_for_social_security__new_recipients_only,CBO_2024_end_va_s_individual_unemployability_payments_to_disabled_veterans_at_the_full_retirement_age_for_social_security,End VA’s Individual Unemployability Payments to Disabled Veterans at the Full Retirement Age for Social Security,New recipients only,Dec 2024,2024,2025,2034,https://www.cbo.gov/budget-options/60916,OUTLAY,FULL_OFFICIAL_ANNUAL,,,
CBO_2024_reduce_va_s_disability_benefits_for_veterans_who_are_older_than_the_full_retirement_age_for_social_security__reduce_benefits,CBO_2024_reduce_va_s_disability_benefits_for_veterans_who_are_older_than_the_full_retirement_age_for_social_security,Reduce VA’s Disability Benefits for Veterans Who Are Older Than the Full Retirement Age for Social Security,Reduce benefits,Dec 2024,2024,2025,2034,https://www.cbo.gov/budget-options/60917,OUTLAY,FULL_OFFICIAL_ANNUAL,,,
CBO_2024_narrow_eligibility_for_va_s_disability_compensation_by_excluding_veterans_with_low_disability_ratings__all_recipients,CBO_2024_narrow_eligibility_for_va_s_disability_compensation_by_excluding_veterans_with_low_disability_ratings,Narrow Eligibility for VA's Disability Compensation by Excluding Veterans With Low Disability Ratings,All recipients,Dec 2024,2024,2025,2034,https://www.cbo.gov/budget-options/60918,OUTLAY,FULL_OFFICIAL_ANNUAL,,,
CBO_2024_narrow_eligibility_for_va_s_disability_compensation_by_excluding_veterans_with_low_disability_ratings__new_applicants_only,CBO_2024_narrow_eligibility_for_va_s_disability_compensation_by_excluding_veterans_with_low_disability_ratings,Narrow Eligibility for VA's Disability Compensation by Excluding Veterans With Low Disability Ratings,New applicants only,Dec 2024,2024,2025,2034,https://www.cbo.gov/budget-options/60918,OUTLAY,FULL_OFFICIAL_ANNUAL,,,
CBO_2024_use_an_alternative_measure_of_inflation_to_index_social_security_and_other_mandatory_programs__chained_cpi,CBO_2024_use_an_alternative_measure_of_inflation_to_index_social_security_and_other_mandatory_programs,Use an Alternative Measure of Inflation to Index Social Security and Other Mandatory Programs,Chained CPI,Dec 2024,2024,2025,2034,https://www.cbo.gov/budget-options/60919,DEFICIT_ONLY,FULL_OFFICIAL_ANNUAL,,,
CBO_2024_reduce_the_department_of_defense_s_annual_budget__reduce_annual_dod_budget,CBO_2024_reduce_the_department_of_defense_s_annual_budget,Reduce the Department of Defense's Annual Budget,Reduce annual DoD budget,Dec 2024,2024,2025,2034,https://www.cbo.gov/budget-options/60920,OUTLAY,FULL_OFFICIAL_ANNUAL,,,
CBO_2024_cap_increases_in_basic_pay_for_military_service_members__cap_basic_pay_increases,CBO_2024_cap_increases_in_basic_pay_for_military_service_members,Cap Increases in Basic Pay for Military Service Members,Cap basic-pay increases,Dec 2024,2024,2025,2034,https://www.cbo.gov/budget-options/60921,OUTLAY,FULL_OFFICIAL_ANNUAL,,Net of discretionary savings and mandatory offsets.,
CBO_2024_replace_some_military_personnel_with_civilian_employees__replace_personnel,CBO_2024_replace_some_military_personnel_with_civilian_employees,Replace Some Military Personnel with Civilian Employees,Replace personnel,Dec 2024,2024,2025,2034,https://www.cbo.gov/budget-options/60922,OUTLAY,FULL_OFFICIAL_ANNUAL,,Net of discretionary savings and mandatory offsets.,
CBO_2024_stop_building_ford_class_aircraft_carriers__stop_construction,CBO_2024_stop_building_ford_class_aircraft_carriers,Stop Building Ford Class Aircraft Carriers,Stop construction,Dec 2024,2024,2025,2034,https://www.cbo.gov/budget-options/60923,OUTLAY,FULL_OFFICIAL_ANNUAL,,Sub-$0.05B source value represented as zero.,
CBO_2024_cancel_the_long_range_standoff_weapon__cancel_lrso,CBO_2024_cancel_the_long_range_standoff_weapon,Cancel the Long-Range Standoff Weapon,Cancel LRSO,Dec 2024,2024,2025,2034,https://www.cbo.gov/budget-options/60924,OUTLAY,FULL_OFFICIAL_ANNUAL,,,
CBO_2024_cancel_the_army_s_future_long_range_assault_aircraft__cancel_flraa,CBO_2024_cancel_the_army_s_future_long_range_assault_aircraft,Cancel the Army’s Future Long-Range Assault Aircraft,Cancel FLRAA,Dec 2024,2024,2025,2034,https://www.cbo.gov/budget-options/60925,OUTLAY,FULL_OFFICIAL_ANNUAL,,,
CBO_2024_reduce_the_size_of_the_bomber_force_by_retiring_the_b_1b__retire_b_1b,CBO_2024_reduce_the_size_of_the_bomber_force_by_retiring_the_b_1b,Reduce the Size of the Bomber Force by Retiring the B-1B,Retire B-1B,Dec 2024,2024,2025,2034,https://www.cbo.gov/budget-options/60926,OUTLAY,FULL_OFFICIAL_ANNUAL,,Sub-$0.05B source values represented as zero.,
CBO_2024_reduce_the_size_of_the_fighter_force_by_retiring_the_f_22__retire_f_22,CBO_2024_reduce_the_size_of_the_fighter_force_by_retiring_the_f_22,Reduce the Size of the Fighter Force by Retiring the F-22,Retire F-22,Dec 2024,2024,2025,2034,https://www.cbo.gov/budget-options/60927,OUTLAY,FULL_OFFICIAL_ANNUAL,,,
CBO_2024_reduce_the_basic_allowance_for_housing_to_80_percent_of_average_housing_costs__reduce_bah,CBO_2024_reduce_the_basic_allowance_for_housing_to_80_percent_of_average_housing_costs,Reduce the Basic Allowance for Housing to 80 Percent of Average Housing Costs,Reduce BAH,Dec 2024,2024,2025,2034,https://www.cbo.gov/budget-options/60928,OUTLAY,FULL_OFFICIAL_ANNUAL,,Net of discretionary and mandatory effects; tiny values rounded.,
CBO_2024_reduce_funding_for_international_affairs_programs__reduce_funding,CBO_2024_reduce_funding_for_international_affairs_programs,Reduce Funding for International Affairs Programs,Reduce funding,Dec 2024,2024,2025,2034,https://www.cbo.gov/budget-options/60929,OUTLAY,FULL_OFFICIAL_ANNUAL,,,
CBO_2024_eliminate_federal_funding_for_national_community_service__eliminate_funding,CBO_2024_eliminate_federal_funding_for_national_community_service,Eliminate Federal Funding for National Community Service,Eliminate funding,Dec 2024,2024,2025,2034,https://www.cbo.gov/budget-options/60930,OUTLAY,FULL_OFFICIAL_ANNUAL,,,
CBO_2024_tighten_eligibility_for_pell_grants__tighten_eligibility,CBO_2024_tighten_eligibility_for_pell_grants,Tighten Eligibility for Pell Grants,Tighten eligibility,Dec 2024,2024,2025,2034,https://www.cbo.gov/budget-options/60931,OUTLAY,FULL_OFFICIAL_ANNUAL,,Net of discretionary and mandatory outlays.,
CBO_2024_end_enrollment_in_va_medical_care_for_veterans_in_priority_groups_7_and_8__end_enrollment,CBO_2024_end_enrollment_in_va_medical_care_for_veterans_in_priority_groups_7_and_8,End Enrollment in VA Medical Care for Veterans in Priority Groups 7 and 8,End enrollment,Dec 2024,2024,2025,2034,https://www.cbo.gov/budget-options/60932,OUTLAY,FULL_OFFICIAL_ANNUAL,,Net of discretionary savings and mandatory offsets.,
CBO_2024_reduce_the_annual_across_the_board_adjustment_for_federal_civilian_employees_pay__reduce_pay_adjustment,CBO_2024_reduce_the_annual_across_the_board_adjustment_for_federal_civilian_employees_pay,Reduce the Annual Across-the-Board Adjustment for Federal Civilian Employees’ Pay,Reduce pay adjustment,Dec 2024,2024,2025,2034,https://www.cbo.gov/budget-options/60933,OUTLAY,FULL_OFFICIAL_ANNUAL,,Net of discretionary and mandatory effects.,
CBO_2024_reduce_selected_nondefense_discretionary_spending__selected_ndd_reduction,CBO_2024_reduce_selected_nondefense_discretionary_spending,Reduce Selected Nondefense Discretionary Spending,Selected NDD reduction,Dec 2024,2024,2025,2034,https://www.cbo.gov/budget-options/60934,OUTLAY,FULL_OFFICIAL_ANNUAL,,,
CBO_2024_reduce_funding_for_certain_grants_to_state_and_local_governments__reduce_grants,CBO_2024_reduce_funding_for_certain_grants_to_state_and_local_governments,Reduce Funding for Certain Grants to State and Local Governments,Reduce grants,Dec 2024,2024,2025,2034,https://www.cbo.gov/budget-options/60935,OUTLAY,FULL_OFFICIAL_ANNUAL,,,
CBO_2024_repeal_the_davis_bacon_act__repeal_davis_bacon,CBO_2024_repeal_the_davis_bacon_act,Repeal the Davis-Bacon Act,Repeal Davis-Bacon,Dec 2024,2024,2025,2034,https://www.cbo.gov/budget-options/60936,OUTLAY,FULL_OFFICIAL_ANNUAL,,Published discretionary outlay savings; sub-$0.1B mandatory effects omitted and flagged.,
CBO_2024_increase_individual_income_tax_rates_on_ordinary_income__increase_all_ordinary_income_rates_by_1_percentage_point,CBO_2024_increase_individual_income_tax_rates_on_ordinary_income,Increase Individual Income Tax Rates on Ordinary Income,Increase all ordinary-income rates by 1 percentage point,Dec 2024,2024,2025,2034,https://www.cbo.gov/budget-options/60937,REVENUE,FULL_OFFICIAL_ANNUAL,,,
CBO_2024_increase_individual_income_tax_rates_on_ordinary_income__increase_top_four_ordinary_income_rates_by_2_percentage_points,CBO_2024_increase_individual_income_tax_rates_on_ordinary_income,Increase Individual Income Tax Rates on Ordinary Income,Increase top four ordinary-income rates by 2 percentage points,Dec 2024,2024,2025,2034,https://www.cbo.gov/budget-options/60937,REVENUE,FULL_OFFICIAL_ANNUAL,,,
CBO_2024_impose_a_surtax_on_individuals_adjusted_gross_income__1_percent_surtax_above_20_000_40_000_thresholds,CBO_2024_impose_a_surtax_on_individuals_adjusted_gross_income,Impose a Surtax on Individuals' Adjusted Gross Income,"1 percent surtax above $20,000/$40,000 thresholds",Dec 2024,2024,2025,2034,https://www.cbo.gov/budget-options/60938,REVENUE,FULL_OFFICIAL_ANNUAL,,,
CBO_2024_impose_a_surtax_on_individuals_adjusted_gross_income__2_percent_surtax_above_100_000_200_000_thresholds,CBO_2024_impose_a_surtax_on_individuals_adjusted_gross_income,Impose a Surtax on Individuals' Adjusted Gross Income,"2 percent surtax above $100,000/$200,000 thresholds",Dec 2024,2024,2025,2034,https://www.cbo.gov/budget-options/60938,REVENUE,FULL_OFFICIAL_ANNUAL,,,
CBO_2024_eliminate_or_limit_itemized_deductions__eliminate_all_itemized_deductions,CBO_2024_eliminate_or_limit_itemized_deductions,Eliminate or Limit Itemized Deductions,Eliminate all itemized deductions,Dec 2024,2024,2025,2034,https://www.cbo.gov/budget-options/60939,REVENUE,FULL_OFFICIAL_ANNUAL,,,
CBO_2024_eliminate_or_limit_itemized_deductions__eliminate_state_and_local_tax_deduction,CBO_2024_eliminate_or_limit_itemized_deductions,Eliminate or Limit Itemized Deductions,Eliminate state and local tax deduction,Dec 2024,2024,2025,2034,https://www.cbo.gov/budget-options/60939,REVENUE,FULL_OFFICIAL_ANNUAL,,,
CBO_2024_eliminate_or_limit_itemized_deductions__limit_deductions_to_15_percent,CBO_2024_eliminate_or_limit_itemized_deductions,Eliminate or Limit Itemized Deductions,Limit deductions to 15 percent,Dec 2024,2024,2025,2034,https://www.cbo.gov/budget-options/60939,REVENUE,FULL_OFFICIAL_ANNUAL,,,
CBO_2024_eliminate_or_limit_itemized_deductions__floor_at_4_percent_of_agi,CBO_2024_eliminate_or_limit_itemized_deductions,Eliminate or Limit Itemized Deductions,Floor at 4 percent of AGI,Dec 2024,2024,2025,2034,https://www.cbo.gov/budget-options/60939,REVENUE,FULL_OFFICIAL_ANNUAL,,,
CBO_2024_raise_the_tax_rates_on_long_term_capital_gains_and_qualified_dividends_by_2_percentage_points__increase_rates_by_2_percentage_points,CBO_2024_raise_the_tax_rates_on_long_term_capital_gains_and_qualified_dividends_by_2_percentage_points,Raise the Tax Rates on Long-Term Capital Gains and Qualified Dividends by 2 Percentage Points,Increase rates by 2 percentage points,Dec 2024,2024,2025,2034,https://www.cbo.gov/budget-options/60940,REVENUE,FULL_OFFICIAL_ANNUAL,,,
CBO_2024_eliminate_or_modify_head_of_household_filing_status__eliminate_filing_status,CBO_2024_eliminate_or_modify_head_of_household_filing_status,Eliminate or Modify Head-of-Household Filing Status,Eliminate filing status,Dec 2024,2024,2025,2034,https://www.cbo.gov/budget-options/60941,REVENUE,FULL_OFFICIAL_ANNUAL,,,
CBO_2024_eliminate_or_modify_head_of_household_filing_status__limit_to_taxpayers_with_child_under_17,CBO_2024_eliminate_or_modify_head_of_household_filing_status,Eliminate or Modify Head-of-Household Filing Status,Limit to taxpayers with child under 17,Dec 2024,2024,2025,2034,https://www.cbo.gov/budget-options/60941,REVENUE,FULL_OFFICIAL_ANNUAL,,,
CBO_2024_limit_the_deduction_for_charitable_giving__2_percent_agi_floor,CBO_2024_limit_the_deduction_for_charitable_giving,Limit the Deduction for Charitable Giving,2 percent AGI floor,Dec 2024,2024,2025,2034,https://www.cbo.gov/budget-options/60942,REVENUE,FULL_OFFICIAL_ANNUAL,,,
CBO_2024_limit_the_deduction_for_charitable_giving__deduction_only_for_cash_gifts,CBO_2024_limit_the_deduction_for_charitable_giving,Limit the Deduction for Charitable Giving,Deduction only for cash gifts,Dec 2024,2024,2025,2034,https://www.cbo.gov/budget-options/60942,REVENUE,FULL_OFFICIAL_ANNUAL,,,
CBO_2024_change_the_taxation_of_assets_transferred_at_death__carryover_basis,CBO_2024_change_the_taxation_of_assets_transferred_at_death,Change the Taxation of Assets Transferred at Death,Carryover basis,Dec 2024,2024,2025,2034,https://www.cbo.gov/budget-options/60943,REVENUE,FULL_OFFICIAL_ANNUAL,,,
CBO_2024_change_the_taxation_of_assets_transferred_at_death__tax_accrued_capital_gains_at_death,CBO_2024_change_the_taxation_of_assets_transferred_at_death,Change the Taxation of Assets Transferred at Death,Tax accrued capital gains at death,Dec 2024,2024,2025,2034,https://www.cbo.gov/budget-options/60943,REVENUE,FULL_OFFICIAL_ANNUAL,,,
CBO_2024_eliminate_the_tax_exemption_for_new_qualified_private_activity_bonds__eliminate_exemption,CBO_2024_eliminate_the_tax_exemption_for_new_qualified_private_activity_bonds,Eliminate the Tax Exemption for New Qualified Private Activity Bonds,Eliminate exemption,Dec 2024,2024,2025,2034,https://www.cbo.gov/budget-options/60944,REVENUE,FULL_OFFICIAL_ANNUAL,,,
CBO_2024_expand_the_base_of_the_net_investment_income_tax_to_include_the_income_of_active_participants_in_s_corporations_and_limi__expand_niit_base,CBO_2024_expand_the_base_of_the_net_investment_income_tax_to_include_the_income_of_active_participants_in_s_corporations_and_limi,Expand the Base of the Net Investment Income Tax to Include the Income of Active Participants in S Corporations and Limited Partnerships,Expand NIIT base,Dec 2024,2024,2025,2034,https://www.cbo.gov/budget-options/60945,REVENUE,FULL_OFFICIAL_ANNUAL,,,
CBO_2024_tax_carried_interest_as_ordinary_income__tax_as_ordinary_income,CBO_2024_tax_carried_interest_as_ordinary_income,Tax Carried Interest as Ordinary Income,Tax as ordinary income,Dec 2024,2024,2025,2034,https://www.cbo.gov/budget-options/60946,REVENUE,FULL_OFFICIAL_ANNUAL,,,
CBO_2024_include_va_s_disability_payments_in_taxable_income__tax_va_disability_payments,CBO_2024_include_va_s_disability_payments_in_taxable_income,Include VA's Disability Payments in Taxable Income,Tax VA disability payments,Dec 2024,2024,2025,2034,https://www.cbo.gov/budget-options/60947,REVENUE,FULL_OFFICIAL_ANNUAL,,,
CBO_2024_further_limit_annual_contributions_to_retirement_plans__further_limit_contributions,CBO_2024_further_limit_annual_contributions_to_retirement_plans,Further Limit Annual Contributions to Retirement Plans,Further limit contributions,Dec 2024,2024,2025,2034,https://www.cbo.gov/budget-options/60948,REVENUE,FULL_OFFICIAL_ANNUAL,,,
CBO_2024_eliminate_certain_tax_preferences_for_education_expenses__eliminate_preferences,CBO_2024_eliminate_certain_tax_preferences_for_education_expenses,Eliminate Certain Tax Preferences for Education Expenses,Eliminate preferences,Dec 2024,2024,2025,2034,https://www.cbo.gov/budget-options/60949,REVENUE,FULL_OFFICIAL_ANNUAL,,,
CBO_2024_lower_the_investment_income_limit_for_the_earned_income_tax_credit_and_extend_that_limit_to_the_refundable_portion_of_th__lower_investment_income_limit,CBO_2024_lower_the_investment_income_limit_for_the_earned_income_tax_credit_and_extend_that_limit_to_the_refundable_portion_of_th,Lower the Investment Income Limit for the Earned Income Tax Credit and Extend That Limit to the Refundable Portion of the Child Tax Credit,Lower investment-income limit,Dec 2024,2024,2025,2034,https://www.cbo.gov/budget-options/60950,REVENUE,FULL_OFFICIAL_ANNUAL,,Sub-$0.05B source value represented as zero.,
CBO_2024_require_people_who_claim_the_earned_income_tax_credit_and_child_tax_credit_to_have_a_social_security_number_that_is_vali__ssn_valid_for_employment,CBO_2024_require_people_who_claim_the_earned_income_tax_credit_and_child_tax_credit_to_have_a_social_security_number_that_is_vali,Require People Who Claim the Earned Income Tax Credit and Child Tax Credit to Have a Social Security Number That is Valid for Employment,SSN valid for employment,Dec 2024,2024,2025,2034,https://www.cbo.gov/budget-options/60951,REVENUE,FULL_OFFICIAL_ANNUAL,,,
CBO_2024_expand_social_security_to_include_newly_hired_state_and_local_government_employees__expand_coverage,CBO_2024_expand_social_security_to_include_newly_hired_state_and_local_government_employees,Expand Social Security to Include Newly Hired State and Local Government Employees,Expand coverage,Dec 2024,2024,2025,2034,https://www.cbo.gov/budget-options/60952,REVENUE,FULL_OFFICIAL_ANNUAL,,,
CBO_2024_reduce_tax_subsidies_for_employment_based_health_benefits__cap_exclusion_at_50th_percentile_income_and_payroll_taxes,CBO_2024_reduce_tax_subsidies_for_employment_based_health_benefits,Reduce Tax Subsidies for Employment-Based Health Benefits,"Cap exclusion at 50th percentile, income and payroll taxes",Dec 2024,2024,2025,2034,https://www.cbo.gov/budget-options/60953,REVENUE,FULL_OFFICIAL_ANNUAL,,,
CBO_2024_reduce_tax_subsidies_for_employment_based_health_benefits__cap_exclusion_at_75th_percentile_income_and_payroll_taxes,CBO_2024_reduce_tax_subsidies_for_employment_based_health_benefits,Reduce Tax Subsidies for Employment-Based Health Benefits,"Cap exclusion at 75th percentile, income and payroll taxes",Dec 2024,2024,2025,2034,https://www.cbo.gov/budget-options/60953,REVENUE,FULL_OFFICIAL_ANNUAL,,,
CBO_2024_reduce_tax_subsidies_for_employment_based_health_benefits__cap_exclusion_at_50th_percentile_income_tax_only,CBO_2024_reduce_tax_subsidies_for_employment_based_health_benefits,Reduce Tax Subsidies for Employment-Based Health Benefits,"Cap exclusion at 50th percentile, income tax only",Dec 2024,2024,2025,2034,https://www.cbo.gov/budget-options/60953,REVENUE,FULL_OFFICIAL_ANNUAL,,,
CBO_2024_impose_a_new_payroll_tax__1_percent_payroll_tax,CBO_2024_impose_a_new_payroll_tax,Impose a New Payroll Tax,1 percent payroll tax,Dec 2024,2024,2025,2034,https://www.cbo.gov/budget-options/60954,REVENUE,FULL_OFFICIAL_ANNUAL,,,
CBO_2024_impose_a_new_payroll_tax__2_percent_payroll_tax,CBO_2024_impose_a_new_payroll_tax,Impose a New Payroll Tax,2 percent payroll tax,Dec 2024,2024,2025,2034,https://www.cbo.gov/budget-options/60954,REVENUE,FULL_OFFICIAL_ANNUAL,,,
CBO_2024_increase_the_maximum_taxable_earnings_that_are_subject_to_social_security_payroll_taxes__restore_90_percent_taxable_earnings,CBO_2024_increase_the_maximum_taxable_earnings_that_are_subject_to_social_security_payroll_taxes,Increase the Maximum Taxable Earnings That Are Subject to Social Security Payroll Taxes,Restore 90 percent taxable earnings,Dec 2024,2024,2025,2034,https://www.cbo.gov/budget-options/60955,REVENUE,FULL_OFFICIAL_ANNUAL,0.9,,
CBO_2024_increase_the_maximum_taxable_earnings_that_are_subject_to_social_security_payroll_taxes__tax_earnings_above_250_000_without_additional_benefit_credit,CBO_2024_increase_the_maximum_taxable_earnings_that_are_subject_to_social_security_payroll_taxes,Increase the Maximum Taxable Earnings That Are Subject to Social Security Payroll Taxes,"Tax earnings above $250,000 without additional benefit credit",Dec 2024,2024,2025,2034,https://www.cbo.gov/budget-options/60955,REVENUE,FULL_OFFICIAL_ANNUAL,3.0,CBO appendix reports scheduled benefits unchanged under this alternative.,
CBO_2024_increase_the_corporate_income_tax_rate_by_1_percentage_point__increase_rate_by_1_percentage_point,CBO_2024_increase_the_corporate_income_tax_rate_by_1_percentage_point,Increase the Corporate Income Tax Rate by 1 Percentage Point,Increase rate by 1 percentage point,Dec 2024,2024,2025,2034,https://www.cbo.gov/budget-options/60956,REVENUE,FULL_OFFICIAL_ANNUAL,,,
CBO_2024_repeal_the_last_in_first_out_approach_to_inventory_identification_and_the_lower_of_cost_or_market_and_subnormal_goods_me__repeal_specified_inventory_methods,CBO_2024_repeal_the_last_in_first_out_approach_to_inventory_identification_and_the_lower_of_cost_or_market_and_subnormal_goods_me,"Repeal the ""Last In, First Out"" Approach to Inventory Identification and the ""Lower of Cost or Market"" and ""Subnormal Goods"" Methods of Inventory Valuation",Repeal specified inventory methods,Dec 2024,2024,2025,2034,https://www.cbo.gov/budget-options/60957,REVENUE,FULL_OFFICIAL_ANNUAL,,,
CBO_2024_require_half_of_advertising_expenses_to_be_amortized_over_5_or_10_years__5_year_amortization,CBO_2024_require_half_of_advertising_expenses_to_be_amortized_over_5_or_10_years,Require Half of Advertising Expenses to Be Amortized Over 5 or 10 Years,5-year amortization,Dec 2024,2024,2025,2034,https://www.cbo.gov/budget-options/60958,REVENUE,FULL_OFFICIAL_ANNUAL,,,
CBO_2024_require_half_of_advertising_expenses_to_be_amortized_over_5_or_10_years__10_year_amortization,CBO_2024_require_half_of_advertising_expenses_to_be_amortized_over_5_or_10_years,Require Half of Advertising Expenses to Be Amortized Over 5 or 10 Years,10-year amortization,Dec 2024,2024,2025,2034,https://www.cbo.gov/budget-options/60958,REVENUE,FULL_OFFICIAL_ANNUAL,,,
CBO_2024_repeal_the_low_income_housing_tax_credit__repeal_lihtc,CBO_2024_repeal_the_low_income_housing_tax_credit,Repeal the Low-Income Housing Tax Credit,Repeal LIHTC,Dec 2024,2024,2025,2034,https://www.cbo.gov/budget-options/60959,REVENUE,FULL_OFFICIAL_ANNUAL,,,
CBO_2024_tax_all_foreign_income_of_u_s_corporations_at_the_full_statutory_corporate_rate__full_statutory_rate,CBO_2024_tax_all_foreign_income_of_u_s_corporations_at_the_full_statutory_corporate_rate,Tax All Foreign Income of U.S. Corporations at the Full Statutory Corporate Rate,Full statutory rate,Dec 2024,2024,2025,2034,https://www.cbo.gov/budget-options/60960,REVENUE,FULL_OFFICIAL_ANNUAL,,,
CBO_2024_impose_a_5_percent_value_added_tax__broad_base,CBO_2024_impose_a_5_percent_value_added_tax,Impose a 5 Percent Value-Added Tax,Broad base,Dec 2024,2024,2025,2034,https://www.cbo.gov/budget-options/60961,REVENUE,FULL_OFFICIAL_ANNUAL,,,
CBO_2024_impose_a_5_percent_value_added_tax__narrow_base,CBO_2024_impose_a_5_percent_value_added_tax,Impose a 5 Percent Value-Added Tax,Narrow base,Dec 2024,2024,2025,2034,https://www.cbo.gov/budget-options/60961,REVENUE,FULL_OFFICIAL_ANNUAL,,CBO narrow base excludes several necessities and specified sectors.,
CBO_2024_impose_a_tax_on_emissions_of_greenhouse_gases__25_ton_rising_5_year,CBO_2024_impose_a_tax_on_emissions_of_greenhouse_gases,Impose a Tax on Emissions of Greenhouse Gases,"$25/ton, rising $5/year",Dec 2024,2024,2025,2034,https://www.cbo.gov/budget-options/60962,REVENUE,FULL_OFFICIAL_ANNUAL,,,
CBO_2024_impose_a_tax_on_emissions_of_greenhouse_gases__25_ton_rising_2_year,CBO_2024_impose_a_tax_on_emissions_of_greenhouse_gases,Impose a Tax on Emissions of Greenhouse Gases,"$25/ton, rising $2/year",Dec 2024,2024,2025,2034,https://www.cbo.gov/budget-options/60962,REVENUE,FULL_OFFICIAL_ANNUAL,,,
CBO_2024_impose_a_tax_on_emissions_of_greenhouse_gases__15_ton_rising_8_year,CBO_2024_impose_a_tax_on_emissions_of_greenhouse_gases,Impose a Tax on Emissions of Greenhouse Gases,"$15/ton, rising $8/year",Dec 2024,2024,2025,2034,https://www.cbo.gov/budget-options/60962,REVENUE,FULL_OFFICIAL_ANNUAL,,,
CBO_2024_impose_a_tax_on_emissions_of_greenhouse_gases__25_ton_rising_5_year_gasoline_excluded,CBO_2024_impose_a_tax_on_emissions_of_greenhouse_gases,Impose a Tax on Emissions of Greenhouse Gases,"$25/ton, rising $5/year, gasoline excluded",Dec 2024,2024,2025,2034,https://www.cbo.gov/budget-options/60962,REVENUE,FULL_OFFICIAL_ANNUAL,,,
CBO_2024_increase_excise_taxes_on_motor_fuels_and_index_them_for_inflation__increase_and_index_motor_fuel_taxes,CBO_2024_increase_excise_taxes_on_motor_fuels_and_index_them_for_inflation,Increase Excise Taxes on Motor Fuels and Index Them for Inflation,Increase and index motor-fuel taxes,Dec 2024,2024,2025,2034,https://www.cbo.gov/budget-options/60963,REVENUE,FULL_OFFICIAL_ANNUAL,,,
CBO_2024_increase_excise_taxes_on_tobacco_products__increase_tobacco_excises,CBO_2024_increase_excise_taxes_on_tobacco_products,Increase Excise Taxes on Tobacco Products,Increase tobacco excises,Dec 2024,2024,2025,2034,https://www.cbo.gov/budget-options/60964,MIXED,FULL_OFFICIAL_ANNUAL,,,
CBO_2024_increase_taxes_on_alcoholic_beverages__increase_rates,CBO_2024_increase_taxes_on_alcoholic_beverages,Increase Taxes on Alcoholic Beverages,Increase rates,Dec 2024,2024,2025,2034,https://www.cbo.gov/budget-options/60965,REVENUE,FULL_OFFICIAL_ANNUAL,,,
CBO_2024_increase_taxes_on_alcoholic_beverages__increase_rates_and_index_for_inflation,CBO_2024_increase_taxes_on_alcoholic_beverages,Increase Taxes on Alcoholic Beverages,Increase rates and index for inflation,Dec 2024,2024,2025,2034,https://www.cbo.gov/budget-options/60965,REVENUE,FULL_OFFICIAL_ANNUAL,,,
CBO_2024_impose_a_tax_on_financial_transactions__0_01_percent_financial_transaction_tax,CBO_2024_impose_a_tax_on_financial_transactions,Impose a Tax on Financial Transactions,0.01 percent financial transaction tax,Dec 2024,2024,2025,2034,https://www.cbo.gov/budget-options/60966,REVENUE,FULL_OFFICIAL_ANNUAL,,FY2025 includes CBO/JCT anticipation effect that worsens the deficit; tax effective January 2026.,
CBO_2024_increase_certain_fees_charged_by_citizenship_and_immigration_services_and_customs_and_border_protection_by_20_percent__increase_both_sets_of_fees,CBO_2024_increase_certain_fees_charged_by_citizenship_and_immigration_services_and_customs_and_border_protection_by_20_percent,Increase Certain Fees Charged by Citizenship and Immigration Services and Customs and Border Protection by 20 Percent,Increase both sets of fees,Dec 2024,2024,2025,2034,https://www.cbo.gov/budget-options/60967,REVENUE,FULL_OFFICIAL_ANNUAL,,,
CBO_2024_increase_federal_civilian_employees_contributions_to_the_federal_employees_retirement_system__increase_contributions,CBO_2024_increase_federal_civilian_employees_contributions_to_the_federal_employees_retirement_system,Increase Federal Civilian Employees' Contributions to the Federal Employees Retirement System,Increase contributions,Dec 2024,2024,2025,2034,https://www.cbo.gov/budget-options/60968,REVENUE,FULL_OFFICIAL_ANNUAL,,,
CBO_2022_reduce_spending_on_other_mandatory_programs__reduce_specified_other_mandatory_spending,CBO_2022_reduce_spending_on_other_mandatory_programs,Reduce Spending on Other Mandatory Programs,Reduce specified other mandatory spending,Dec 2022,2022,2023,2032,https://www.cbo.gov/budget-options/58631,OUTLAY,FULL_OFFICIAL_ANNUAL,,,
CBO_2022_eliminate_title_i_agriculture_programs__eliminate_programs,CBO_2022_eliminate_title_i_agriculture_programs,Eliminate Title I Agriculture Programs,Eliminate programs,Dec 2022,2022,2023,2032,https://www.cbo.gov/budget-options/58639,OUTLAY,FULL_OFFICIAL_ANNUAL,,,
CBO_2022_limit_arc_and_plc_payment_acres_to_30_percent_of_base_acres__limit_payment_acres,CBO_2022_limit_arc_and_plc_payment_acres_to_30_percent_of_base_acres,Limit ARC and PLC Payment Acres to 30 Percent of Base Acres,Limit payment acres,Dec 2022,2022,2023,2032,https://www.cbo.gov/budget-options/58641,OUTLAY,FULL_OFFICIAL_ANNUAL,,,
CBO_2022_reduce_the_size_of_the_nuclear_triad__10_submarines_and_300_icbms,CBO_2022_reduce_the_size_of_the_nuclear_triad,Reduce the Size of the Nuclear Triad,10 submarines and 300 ICBMs,Dec 2022,2022,2023,2032,https://www.cbo.gov/budget-options/58660,OUTLAY,FULL_OFFICIAL_ANNUAL,,,
CBO_2022_reduce_the_size_of_the_nuclear_triad__8_submarines_and_150_icbms,CBO_2022_reduce_the_size_of_the_nuclear_triad,Reduce the Size of the Nuclear Triad,8 submarines and 150 ICBMs,Dec 2022,2022,2023,2032,https://www.cbo.gov/budget-options/58660,OUTLAY,FULL_OFFICIAL_ANNUAL,,,
CBO_2022_cancel_the_army_s_future_vertical_lift_aircraft__cancel_fvl,CBO_2022_cancel_the_army_s_future_vertical_lift_aircraft,Cancel the Army's Future Vertical Lift Aircraft,Cancel FVL,Dec 2022,2022,2023,2032,https://www.cbo.gov/budget-options/58662,OUTLAY,FULL_OFFICIAL_ANNUAL,,,
CBO_2022_change_the_tax_treatment_of_capital_gains_from_sales_of_inherited_assets__tax_capital_gains_from_inherited_assets,CBO_2022_change_the_tax_treatment_of_capital_gains_from_sales_of_inherited_assets,Change the Tax Treatment of Capital Gains From Sales of Inherited Assets,Tax capital gains from inherited assets,Dec 2022,2022,2023,2032,https://www.cbo.gov/budget-options/58691,REVENUE,FULL_OFFICIAL_ANNUAL,,,
CBO_2020_eliminate_supplemental_security_income_benefits_for_disabled_children__eliminate_benefits,CBO_2020_eliminate_supplemental_security_income_benefits_for_disabled_children,Eliminate Supplemental Security Income Benefits for Disabled Children,Eliminate benefits,Dec 2020,2020,2021,2030,https://www.cbo.gov/budget-options/56836,OUTLAY,FULL_OFFICIAL_ANNUAL,,Net of mandatory and discretionary outlays.,
CBO_2020_link_initial_social_security_benefits_to_average_prices_instead_of_average_earnings__pure_price_indexing,CBO_2020_link_initial_social_security_benefits_to_average_prices_instead_of_average_earnings,Link Initial Social Security Benefits to Average Prices Instead of Average Earnings,Pure price indexing,Dec 2020,2020,2021,2030,https://www.cbo.gov/budget-options/56837,OUTLAY,FULL_OFFICIAL_ANNUAL,,Sub-$0.05B value represented as zero.,
CBO_2020_link_initial_social_security_benefits_to_average_prices_instead_of_average_earnings__progressive_price_indexing,CBO_2020_link_initial_social_security_benefits_to_average_prices_instead_of_average_earnings,Link Initial Social Security Benefits to Average Prices Instead of Average Earnings,Progressive price indexing,Dec 2020,2020,2021,2030,https://www.cbo.gov/budget-options/56837,OUTLAY,FULL_OFFICIAL_ANNUAL,,Sub-$0.05B value represented as zero.,
CBO_2020_make_social_security_s_benefit_structure_more_progressive__90_32_5_factors,CBO_2020_make_social_security_s_benefit_structure_more_progressive,Make Social Security’s Benefit Structure More Progressive,90/32/5 factors,Dec 2020,2020,2021,2030,https://www.cbo.gov/budget-options/56838,OUTLAY,FULL_OFFICIAL_ANNUAL,,,
CBO_2020_make_social_security_s_benefit_structure_more_progressive__100_25_5_factors,CBO_2020_make_social_security_s_benefit_structure_more_progressive,Make Social Security’s Benefit Structure More Progressive,100/25/5 factors,Dec 2020,2020,2021,2030,https://www.cbo.gov/budget-options/56838,OUTLAY,FULL_OFFICIAL_ANNUAL,,,
CBO_2020_eliminate_eligibility_for_starting_social_security_disability_benefits_at_age_62_or_later__eliminate_eligibility,CBO_2020_eliminate_eligibility_for_starting_social_security_disability_benefits_at_age_62_or_later,Eliminate Eligibility for Starting Social Security Disability Benefits at Age 62 or Later,Eliminate eligibility,Dec 2020,2020,2021,2030,https://www.cbo.gov/budget-options/56841,OUTLAY,FULL_OFFICIAL_ANNUAL,,,
CBO_2020_tax_social_security_and_railroad_retirement_benefits_in_the_same_way_that_distributions_from_defined_benefit_pensions_ar__tax_like_defined_benefit_pensions,CBO_2020_tax_social_security_and_railroad_retirement_benefits_in_the_same_way_that_distributions_from_defined_benefit_pensions_ar,Tax Social Security and Railroad Retirement Benefits in the Same Way That Distributions From Defined Benefit Pensions Are Taxed,Tax like defined-benefit pensions,Dec 2020,2020,2021,2030,https://www.cbo.gov/budget-options/56856,REVENUE,FULL_OFFICIAL_ANNUAL,,,
CBO_2020_increase_the_payroll_tax_rate_for_medicare_hospital_insurance__increase_hi_payroll_tax_by_1_percentage_point,CBO_2020_increase_the_payroll_tax_rate_for_medicare_hospital_insurance,Increase the Payroll Tax Rate for Medicare Hospital Insurance,Increase HI payroll tax by 1 percentage point,Dec 2020,2020,2021,2030,https://www.cbo.gov/budget-options/56860,REVENUE,FULL_OFFICIAL_ANNUAL,,,
CBO_2020_increase_the_payroll_tax_rate_for_medicare_hospital_insurance__increase_hi_payroll_tax_by_2_percentage_points,CBO_2020_increase_the_payroll_tax_rate_for_medicare_hospital_insurance,Increase the Payroll Tax Rate for Medicare Hospital Insurance,Increase HI payroll tax by 2 percentage points,Dec 2020,2020,2021,2030,https://www.cbo.gov/budget-options/56860,REVENUE,FULL_OFFICIAL_ANNUAL,,,
CBO_2020_increase_the_payroll_tax_rate_for_social_security__increase_oasdi_payroll_tax_by_1_percentage_point,CBO_2020_increase_the_payroll_tax_rate_for_social_security,Increase the Payroll Tax Rate for Social Security,Increase OASDI payroll tax by 1 percentage point,Dec 2020,2020,2021,2030,https://www.cbo.gov/budget-options/56861,REVENUE,FULL_OFFICIAL_ANNUAL,,,
CBO_2020_increase_the_payroll_tax_rate_for_social_security__increase_oasdi_payroll_tax_by_2_percentage_points,CBO_2020_increase_the_payroll_tax_rate_for_social_security,Increase the Payroll Tax Rate for Social Security,Increase OASDI payroll tax by 2 percentage points,Dec 2020,2020,2021,2030,https://www.cbo.gov/budget-options/56861,REVENUE,FULL_OFFICIAL_ANNUAL,,,
CBO_2020_impose_an_excise_tax_on_overland_freight_transport__freight_tax,CBO_2020_impose_an_excise_tax_on_overland_freight_transport,Impose an Excise Tax on Overland Freight Transport,Freight tax,Dec 2020,2020,2021,2030,https://www.cbo.gov/budget-options/56871,REVENUE,FULL_OFFICIAL_ANNUAL,,,
CBO_2020_reduce_dod_s_operation_and_maintenance_appropriation_excluding_funding_for_the_defense_health_program__freeze_nominal_o_m,CBO_2020_reduce_dod_s_operation_and_maintenance_appropriation_excluding_funding_for_the_defense_health_program,Reduce DoD’s Operation and Maintenance Appropriation (Excluding Funding for the Defense Health Program),Freeze nominal O&M,Dec 2020,2020,2021,2030,https://www.cbo.gov/budget-options/56786,OUTLAY,FULL_OFFICIAL_ANNUAL,,,
CBO_2020_reduce_dod_s_operation_and_maintenance_appropriation_excluding_funding_for_the_defense_health_program__limit_o_m_growth_to_inflation,CBO_2020_reduce_dod_s_operation_and_maintenance_appropriation_excluding_funding_for_the_defense_health_program,Reduce DoD’s Operation and Maintenance Appropriation (Excluding Funding for the Defense Health Program),Limit O&M growth to inflation,Dec 2020,2020,2021,2030,https://www.cbo.gov/budget-options/56786,OUTLAY,FULL_OFFICIAL_ANNUAL,,,
CBO_2020_reduce_funding_for_naval_ship_construction_to_historical_levels__historical_funding_level,CBO_2020_reduce_funding_for_naval_ship_construction_to_historical_levels,Reduce Funding for Naval Ship Construction to Historical Levels,Historical funding level,Dec 2020,2020,2021,2030,https://www.cbo.gov/budget-options/56790,OUTLAY,FULL_OFFICIAL_ANNUAL,,,
CBO_2020_eliminate_head_start__eliminate_head_start,CBO_2020_eliminate_head_start,Eliminate Head Start,Eliminate Head Start,Dec 2020,2020,2021,2030,https://www.cbo.gov/budget-options/56805,OUTLAY,FULL_OFFICIAL_ANNUAL,,,
CBO_2020_limit_enrollment_in_the_department_of_agriculture_s_conservation_programs__limit_csp_enrollment,CBO_2020_limit_enrollment_in_the_department_of_agriculture_s_conservation_programs,Limit Enrollment in the Department of Agriculture’s Conservation Programs,Limit CSP enrollment,Dec 2020,2020,2021,2030,https://www.cbo.gov/budget-options/56813,OUTLAY,FULL_OFFICIAL_ANNUAL,,,
CBO_2020_limit_enrollment_in_the_department_of_agriculture_s_conservation_programs__limit_crp_enrollment,CBO_2020_limit_enrollment_in_the_department_of_agriculture_s_conservation_programs,Limit Enrollment in the Department of Agriculture’s Conservation Programs,Limit CRP enrollment,Dec 2020,2020,2021,2030,https://www.cbo.gov/budget-options/56813,OUTLAY,FULL_OFFICIAL_ANNUAL,,,
CBO_2020_limit_enrollment_in_the_department_of_agriculture_s_conservation_programs__limit_both_csp_and_crp,CBO_2020_limit_enrollment_in_the_department_of_agriculture_s_conservation_programs,Limit Enrollment in the Department of Agriculture’s Conservation Programs,Limit both CSP and CRP,Dec 2020,2020,2021,2030,https://www.cbo.gov/budget-options/56813,OUTLAY,FULL_OFFICIAL_ANNUAL,,,
CBO_2018_cancel_plans_to_purchase_additional_f_35_joint_strike_fighters_and_instead_purchase_f_16s_and_f_a_18s__replace_planned_f_35_purchases,CBO_2018_cancel_plans_to_purchase_additional_f_35_joint_strike_fighters_and_instead_purchase_f_16s_and_f_a_18s,Cancel Plans to Purchase Additional F-35 Joint Strike Fighters and Instead Purchase F-16s and F/A-18s,Replace planned F-35 purchases,Dec 2018,2018,2019,2028,https://www.cbo.gov/budget-options/54757,OUTLAY,FULL_OFFICIAL_ANNUAL,,,
CBO_2018_modify_tricare_enrollment_fees_and_cost_sharing_for_working_age_military_retirees__modify_enrollment_fees_and_cost_sharing,CBO_2018_modify_tricare_enrollment_fees_and_cost_sharing_for_working_age_military_retirees,Modify TRICARE Enrollment Fees and Cost Sharing for Working-Age Military Retirees,Modify enrollment fees and cost sharing,Dec 2018,2018,2019,2028,https://www.cbo.gov/budget-options/54763,DEFICIT_ONLY,FULL_OFFICIAL_ANNUAL,,"Approximate net fiscal effect from published discretionary outlay savings, small mandatory effects, and revenue effects.",
CBO_2018_cancel_the_ground_based_midcourse_defense_system__cancel_system,CBO_2018_cancel_the_ground_based_midcourse_defense_system,Cancel the Ground-Based Midcourse Defense System,Cancel system,Dec 2018,2018,2019,2028,https://www.cbo.gov/budget-options/54766,OUTLAY,FULL_OFFICIAL_ANNUAL,,,
CBO_2018_cancel_development_and_production_of_the_new_missile_in_the_ground_based_strategic_deterrent_program__cancel_new_missile,CBO_2018_cancel_development_and_production_of_the_new_missile_in_the_ground_based_strategic_deterrent_program,Cancel Development and Production of the New Missile in the Ground-Based Strategic Deterrent Program,Cancel new missile,Dec 2018,2018,2019,2028,https://www.cbo.gov/budget-options/54768,OUTLAY,FULL_OFFICIAL_ANNUAL,,,
CBO_2018_reduce_appropriations_for_global_health_to_their_level_in_2000__reduce_appropriations,CBO_2018_reduce_appropriations_for_global_health_to_their_level_in_2000,Reduce Appropriations for Global Health to Their Level in 2000,Reduce appropriations,Dec 2018,2018,2019,2028,https://www.cbo.gov/budget-options/54770,OUTLAY,FULL_OFFICIAL_ANNUAL,,,
CBO_2018_eliminate_human_space_exploration_programs__eliminate_programs,CBO_2018_eliminate_human_space_exploration_programs,Eliminate Human Space Exploration Programs,Eliminate programs,Dec 2018,2018,2019,2028,https://www.cbo.gov/budget-options/54771,OUTLAY,FULL_OFFICIAL_ANNUAL,,,
CBO_2018_reduce_department_of_energy_funding_for_energy_technology_development__fossil_energy_technology,CBO_2018_reduce_department_of_energy_funding_for_energy_technology_development,Reduce Department of Energy Funding for Energy Technology Development,Fossil-energy technology,Dec 2018,2018,2019,2028,https://www.cbo.gov/budget-options/54772,OUTLAY,FULL_OFFICIAL_ANNUAL,,,
CBO_2018_reduce_department_of_energy_funding_for_energy_technology_development__nuclear_energy_technology,CBO_2018_reduce_department_of_energy_funding_for_energy_technology_development,Reduce Department of Energy Funding for Energy Technology Development,Nuclear-energy technology,Dec 2018,2018,2019,2028,https://www.cbo.gov/budget-options/54772,OUTLAY,FULL_OFFICIAL_ANNUAL,,,
CBO_2018_reduce_department_of_energy_funding_for_energy_technology_development__renewable_energy_technology,CBO_2018_reduce_department_of_energy_funding_for_energy_technology_development,Reduce Department of Energy Funding for Energy Technology Development,Renewable-energy technology,Dec 2018,2018,2019,2028,https://www.cbo.gov/budget-options/54772,OUTLAY,FULL_OFFICIAL_ANNUAL,,,
CBO_2018_reduce_department_of_energy_funding_for_energy_technology_development__all_specified_technology_development,CBO_2018_reduce_department_of_energy_funding_for_energy_technology_development,Reduce Department of Energy Funding for Energy Technology Development,All specified technology development,Dec 2018,2018,2019,2028,https://www.cbo.gov/budget-options/54772,OUTLAY,FULL_OFFICIAL_ANNUAL,,,
CBO_2018_limit_highway_and_transit_funding_to_expected_revenues__limit_funding,CBO_2018_limit_highway_and_transit_funding_to_expected_revenues,Limit Highway and Transit Funding to Expected Revenues,Limit funding,Dec 2018,2018,2019,2028,https://www.cbo.gov/budget-options/54774,OUTLAY,FULL_OFFICIAL_ANNUAL,,,
CBO_2018_eliminate_the_federal_transit_administration__eliminate_fta,CBO_2018_eliminate_the_federal_transit_administration,Eliminate the Federal Transit Administration,Eliminate FTA,Dec 2018,2018,2019,2028,https://www.cbo.gov/budget-options/54775,OUTLAY,FULL_OFFICIAL_ANNUAL,,,
CBO_2018_increase_the_passenger_fee_for_aviation_security__increase_passenger_fee,CBO_2018_increase_the_passenger_fee_for_aviation_security,Increase the Passenger Fee for Aviation Security,Increase passenger fee,Dec 2018,2018,2019,2028,https://www.cbo.gov/budget-options/54776,REVENUE,FULL_OFFICIAL_ANNUAL,,,
CBO_2018_increase_payments_by_tenants_in_federally_assisted_housing__increase_tenant_payments,CBO_2018_increase_payments_by_tenants_in_federally_assisted_housing,Increase Payments by Tenants in Federally Assisted Housing,Increase tenant payments,Dec 2018,2018,2019,2028,https://www.cbo.gov/budget-options/54780,OUTLAY,FULL_OFFICIAL_ANNUAL,,,
CBO_2018_reduce_funding_for_the_housing_choice_voucher_program_or_eliminate_the_program__reduce_funding,CBO_2018_reduce_funding_for_the_housing_choice_voucher_program_or_eliminate_the_program,Reduce Funding for the Housing Choice Voucher Program or Eliminate the Program,Reduce funding,Dec 2018,2018,2019,2028,https://www.cbo.gov/budget-options/54781,OUTLAY,FULL_OFFICIAL_ANNUAL,,,
CBO_2018_reduce_funding_for_the_housing_choice_voucher_program_or_eliminate_the_program__eliminate_program,CBO_2018_reduce_funding_for_the_housing_choice_voucher_program_or_eliminate_the_program,Reduce Funding for the Housing Choice Voucher Program or Eliminate the Program,Eliminate program,Dec 2018,2018,2019,2028,https://www.cbo.gov/budget-options/54781,OUTLAY,FULL_OFFICIAL_ANNUAL,,,
CBO_2018_include_employer_paid_premiums_for_income_replacement_insurance_in_employees_taxable_income__include_premiums_in_taxable_income,CBO_2018_include_employer_paid_premiums_for_income_replacement_insurance_in_employees_taxable_income,Include Employer-Paid Premiums for Income Replacement Insurance in Employees’ Taxable Income,Include premiums in taxable income,Dec 2018,2018,2019,2028,https://www.cbo.gov/budget-options/54797,REVENUE,FULL_OFFICIAL_ANNUAL,,,
CBO_2018_tax_all_pass_through_business_owners_under_seca_and_impose_a_material_participation_standard__apply_seca_material_participation_standard,CBO_2018_tax_all_pass_through_business_owners_under_seca_and_impose_a_material_participation_standard,Tax All Pass-Through Business Owners Under SECA and Impose a Material Participation Standard,Apply SECA/material participation standard,Dec 2018,2018,2019,2028,https://www.cbo.gov/budget-options/54808,REVENUE,FULL_OFFICIAL_ANNUAL,,,
CBO_2018_increase_taxes_that_finance_the_federal_share_of_the_unemployment_insurance_system__increase_futa_related_taxes,CBO_2018_increase_taxes_that_finance_the_federal_share_of_the_unemployment_insurance_system,Increase Taxes That Finance the Federal Share of the Unemployment Insurance System,Increase FUTA-related taxes,Dec 2018,2018,2019,2028,https://www.cbo.gov/budget-options/54809,REVENUE,FULL_OFFICIAL_ANNUAL,,,
CBO_2018_repeal_certain_tax_preferences_for_energy_and_natural_resource_based_industries__repeal_expensing_preference,CBO_2018_repeal_certain_tax_preferences_for_energy_and_natural_resource_based_industries,Repeal Certain Tax Preferences for Energy and Natural Resource–Based Industries,Repeal expensing preference,Dec 2018,2018,2019,2028,https://www.cbo.gov/budget-options/54811,REVENUE,FULL_OFFICIAL_ANNUAL,,,
CBO_2018_repeal_certain_tax_preferences_for_energy_and_natural_resource_based_industries__repeal_percentage_depletion_preference,CBO_2018_repeal_certain_tax_preferences_for_energy_and_natural_resource_based_industries,Repeal Certain Tax Preferences for Energy and Natural Resource–Based Industries,Repeal percentage depletion preference,Dec 2018,2018,2019,2028,https://www.cbo.gov/budget-options/54811,REVENUE,FULL_OFFICIAL_ANNUAL,,,
CBO_2018_repeal_certain_tax_preferences_for_energy_and_natural_resource_based_industries__repeal_both_preferences,CBO_2018_repeal_certain_tax_preferences_for_energy_and_natural_resource_based_industries,Repeal Certain Tax Preferences for Energy and Natural Resource–Based Industries,Repeal both preferences,Dec 2018,2018,2019,2028,https://www.cbo.gov/budget-options/54811,REVENUE,FULL_OFFICIAL_ANNUAL,,,
CBO_2018_impose_fees_to_cover_the_costs_of_government_regulations_and_charge_for_services_provided_to_the_private_sector__combined_fee_package,CBO_2018_impose_fees_to_cover_the_costs_of_government_regulations_and_charge_for_services_provided_to_the_private_sector,Impose Fees to Cover the Costs of Government Regulations and Charge for Services Provided to the Private Sector,Combined fee package,Dec 2018,2018,2019,2028,https://www.cbo.gov/budget-options/54819,REVENUE,FULL_OFFICIAL_ANNUAL,,,
CBO_2018_impose_a_fee_on_large_financial_institutions__50_billion_asset_threshold,CBO_2018_impose_a_fee_on_large_financial_institutions,Impose a Fee on Large Financial Institutions,$50 billion asset threshold,Dec 2018,2018,2019,2028,https://www.cbo.gov/budget-options/54822,REVENUE,FULL_OFFICIAL_ANNUAL,,,
CBO_2018_impose_a_fee_on_large_financial_institutions__250_billion_asset_threshold,CBO_2018_impose_a_fee_on_large_financial_institutions,Impose a Fee on Large Financial Institutions,$250 billion asset threshold,Dec 2018,2018,2019,2028,https://www.cbo.gov/budget-options/54822,REVENUE,FULL_OFFICIAL_ANNUAL,,,
CBO_2018_tax_gains_from_derivatives_as_ordinary_income_on_a_mark_to_market_basis__mark_to_market_derivatives,CBO_2018_tax_gains_from_derivatives_as_ordinary_income_on_a_mark_to_market_basis,Tax Gains from Derivatives as Ordinary Income on a Mark-to-Market Basis,Mark-to-market derivatives,Dec 2018,2018,2019,2028,https://www.cbo.gov/budget-options/54824,REVENUE,FULL_OFFICIAL_ANNUAL,,,
CBO_2018_raise_the_age_of_eligibility_for_medicare_to_67__raise_age_by_two_months_each_year,CBO_2018_raise_the_age_of_eligibility_for_medicare_to_67,Raise the Age of Eligibility for Medicare to 67,Raise age by two months each year,Dec 2018,2018,2019,2028,https://www.cbo.gov/budget-options/54733,DEFICIT_ONLY,FULL_OFFICIAL_ANNUAL,,"CBO published net deficit effect after Medicare, Social Security, Medicaid/marketplace and revenue offsets.",
CBO_2018_raise_the_age_of_eligibility_for_medicare_to_67__raise_age_by_three_months_each_year,CBO_2018_raise_the_age_of_eligibility_for_medicare_to_67,Raise the Age of Eligibility for Medicare to 67,Raise age by three months each year,Dec 2018,2018,2019,2028,https://www.cbo.gov/budget-options/54733,DEFICIT_ONLY,FULL_OFFICIAL_ANNUAL,,CBO published net deficit effect.,
CBO_2018_reduce_quality_bonus_payments_to_medicare_advantage_plans__eliminate_quality_linked_benchmark_increases,CBO_2018_reduce_quality_bonus_payments_to_medicare_advantage_plans,Reduce Quality Bonus Payments to Medicare Advantage Plans,Eliminate quality-linked benchmark increases,Dec 2018,2018,2019,2028,https://www.cbo.gov/budget-options/54737,OUTLAY,FULL_OFFICIAL_ANNUAL,,,
CBO_2018_reduce_quality_bonus_payments_to_medicare_advantage_plans__eliminate_double_bonuses,CBO_2018_reduce_quality_bonus_payments_to_medicare_advantage_plans,Reduce Quality Bonus Payments to Medicare Advantage Plans,Eliminate double bonuses,Dec 2018,2018,2019,2028,https://www.cbo.gov/budget-options/54737,OUTLAY,FULL_OFFICIAL_ANNUAL,,,
CBO_2018_convert_multiple_assistance_programs_for_lower_income_people_into_smaller_block_grants_to_states__convert_snap_to_block_grant,CBO_2018_convert_multiple_assistance_programs_for_lower_income_people_into_smaller_block_grants_to_states,Convert Multiple Assistance Programs for Lower-Income People Into Smaller Block Grants to States,Convert SNAP to block grant,Dec 2018,2018,2019,2028,https://www.cbo.gov/budget-options/54739,OUTLAY,FULL_OFFICIAL_ANNUAL,,,
CBO_2018_convert_multiple_assistance_programs_for_lower_income_people_into_smaller_block_grants_to_states__convert_child_nutrition_programs_to_block_grants,CBO_2018_convert_multiple_assistance_programs_for_lower_income_people_into_smaller_block_grants_to_states,Convert Multiple Assistance Programs for Lower-Income People Into Smaller Block Grants to States,Convert child nutrition programs to block grants,Dec 2018,2018,2019,2028,https://www.cbo.gov/budget-options/54739,OUTLAY,FULL_OFFICIAL_ANNUAL,,,
CBO_2018_convert_multiple_assistance_programs_for_lower_income_people_into_smaller_block_grants_to_states__both_block_grants,CBO_2018_convert_multiple_assistance_programs_for_lower_income_people_into_smaller_block_grants_to_states,Convert Multiple Assistance Programs for Lower-Income People Into Smaller Block Grants to States,Both block grants,Dec 2018,2018,2019,2028,https://www.cbo.gov/budget-options/54739,OUTLAY,FULL_OFFICIAL_ANNUAL,,,
CBO_2018_reduce_tanf_s_state_family_assistance_grant_by_10_percent__reduce_tanf_sfag_by_10_percent,CBO_2018_reduce_tanf_s_state_family_assistance_grant_by_10_percent,Reduce TANF’s State Family Assistance Grant by 10 Percent,Reduce TANF SFAG by 10 percent,Dec 2018,2018,2019,2028,https://www.cbo.gov/budget-options,OUTLAY,FULL_OFFICIAL_ANNUAL,,2018 report table recovered from CBO report text; latest-index page does not expose annual table.,
CBO_2018_narrow_eligibility_for_veterans_disability_compensation_by_excluding_certain_disabilities_unrelated_to_military_duties__all_affected_recipients,CBO_2018_narrow_eligibility_for_veterans_disability_compensation_by_excluding_certain_disabilities_unrelated_to_military_duties,Narrow Eligibility for Veterans’ Disability Compensation by Excluding Certain Disabilities Unrelated to Military Duties,All affected recipients,Dec 2018,2018,2019,2028,https://www.cbo.gov/budget-options/54748,OUTLAY,FULL_OFFICIAL_ANNUAL,,,
CBO_2018_narrow_eligibility_for_veterans_disability_compensation_by_excluding_certain_disabilities_unrelated_to_military_duties__new_applicants_only,CBO_2018_narrow_eligibility_for_veterans_disability_compensation_by_excluding_certain_disabilities_unrelated_to_military_duties,Narrow Eligibility for Veterans’ Disability Compensation by Excluding Certain Disabilities Unrelated to Military Duties,New applicants only,Dec 2018,2018,2019,2028,https://www.cbo.gov/budget-options/54748,OUTLAY,FULL_OFFICIAL_ANNUAL,,FY2020 source entry between -$50M and zero represented as zero.,
CBO_2018_divest_two_agencies_of_their_electric_transmission_assets__index_option,CBO_2018_divest_two_agencies_of_their_electric_transmission_assets,Divest Two Agencies of Their Electric Transmission Assets,Index option,Dec 2018,2018,2019,2028,https://www.cbo.gov/budget-options/54827,TOTAL_ONLY,OFFICIAL_TEN_YEAR_TOTAL_ONLY,,CBO current/latest index reports approximately $2B of ten-year savings; current option page does not publish an annual table.,2.0
CBO_2018_change_the_national_flood_insurance_program__index_option,CBO_2018_change_the_national_flood_insurance_program,Change the National Flood Insurance Program,Index option,Dec 2018,2018,2019,2028,https://www.cbo.gov/budget-options/54828,TOTAL_ONLY,OFFICIAL_TEN_YEAR_TOTAL_ONLY,,CBO current/latest index reports approximately $1B of ten-year savings; current option page does not publish an annual table.,1.0
CBO_2018_tighten_eligibility_for_the_supplemental_nutrition_assistance_program__index_option,CBO_2018_tighten_eligibility_for_the_supplemental_nutrition_assistance_program,Tighten Eligibility for the Supplemental Nutrition Assistance Program,Index option,Dec 2018,2018,2019,2028,https://www.cbo.gov/budget-options/54829,TOTAL_ONLY,OFFICIAL_TEN_YEAR_TOTAL_ONLY,,CBO current/latest index reports approximately $8B of ten-year savings; current option page does not publish an annual table.,8.0
CBO_2018_reduce_pension_benefits_for_new_federal_retirees__index_option,CBO_2018_reduce_pension_benefits_for_new_federal_retirees,Reduce Pension Benefits for New Federal Retirees,Index option,Dec 2018,2018,2019,2028,https://www.cbo.gov/budget-options/54830,TOTAL_ONLY,OFFICIAL_TEN_YEAR_TOTAL_ONLY,,CBO current/latest index reports approximately $3B of ten-year savings; current option page does not publish an annual table.,3.0
CBO_2018_eliminate_the_special_retirement_supplement_for_new_federal_retirees__index_option,CBO_2018_eliminate_the_special_retirement_supplement_for_new_federal_retirees,Eliminate the Special Retirement Supplement for New Federal Retirees,Index option,Dec 2018,2018,2019,2028,https://www.cbo.gov/budget-options/54831,TOTAL_ONLY,OFFICIAL_TEN_YEAR_TOTAL_ONLY,,CBO current/latest index reports approximately $5B of ten-year savings; current option page does not publish an annual table.,5.0
CBO_2018_eliminate_certain_forest_service_programs__index_option,CBO_2018_eliminate_certain_forest_service_programs,Eliminate Certain Forest Service Programs,Index option,Dec 2018,2018,2019,2028,https://www.cbo.gov/budget-options/54832,TOTAL_ONLY,OFFICIAL_TEN_YEAR_TOTAL_ONLY,,CBO current/latest index reports approximately $6B of ten-year savings; current option page does not publish an annual table.,6.0
CBO_2018_limit_the_number_of_cities_receiving_urban_areas_security_initiative_grants__index_option,CBO_2018_limit_the_number_of_cities_receiving_urban_areas_security_initiative_grants,Limit the Number of Cities Receiving Urban Areas Security Initiative Grants,Index option,Dec 2018,2018,2019,2028,https://www.cbo.gov/budget-options/54833,TOTAL_ONLY,OFFICIAL_TEN_YEAR_TOTAL_ONLY,,CBO current/latest index reports approximately $1B of ten-year savings; current option page does not publish an annual table.,1.0
CBO_2018_eliminate_the_international_trade_administration_s_trade_promotion_activities__index_option,CBO_2018_eliminate_the_international_trade_administration_s_trade_promotion_activities,Eliminate the International Trade Administration's Trade-Promotion Activities,Index option,Dec 2018,2018,2019,2028,https://www.cbo.gov/budget-options/54834,TOTAL_ONLY,OFFICIAL_TEN_YEAR_TOTAL_ONLY,,CBO current/latest index reports approximately $3B of ten-year savings; current option page does not publish an annual table.,3.0
CBO_2018_convert_the_home_equity_conversion_mortgage_program_into_a_direct_loan_program__index_option,CBO_2018_convert_the_home_equity_conversion_mortgage_program_into_a_direct_loan_program,Convert the Home Equity Conversion Mortgage Program Into a Direct Loan Program,Index option,Dec 2018,2018,2019,2028,https://www.cbo.gov/budget-options/54835,TOTAL_ONLY,OFFICIAL_TEN_YEAR_TOTAL_ONLY,,CBO current/latest index reports approximately $3B of ten-year savings; current option page does not publish an annual table.,3.0
